RID,NCBI_GeneID,NCBI_Symbol,count,rank,Group,Specimen,Probe,Antibody_Test,Allele,Anchor_Gene,Marker_Gene,Mouse_Strain
Q-46K4,11827,Aqp2,25,1,Chaise,25,25,0,0,0,0,0
Q-4E10,18999,Pou5f1,25,2,SSR,25,25,0,25,0,0,0
Q-5CPA,68567,Cgref1,25,3,Dataset,25,25,0,0,0,25,0
Q-3QNP,2297,FOXD1,24,4,Chaise,24,24,24,0,0,0,0
Q-46B4,11622,Ahr,24,5,SSR,24,24,0,0,0,0,0
Q-46QR,11931,Atp1b1,24,6,Dataset,24,24,0,0,0,0,0
Q-4858,13074,Cyp17a1,24,7,Chaise,24,24,0,0,0,0,0
Q-48D6,13345,Twist2,24,8,SSR,24,24,0,0,0,0,0
Q-48K0,13496,Arid3a,24,9,Dataset,24,24,0,0,0,0,0
Q-496G,14165,Fgf10,24,10,Chaise,24,24,0,0,0,0,0
Q-49NT,14585,Gfra1,24,11,SSR,24,24,0,0,0,0,0
Q-4A3T,14933,Gk,24,12,Dataset,24,24,0,0,0,24,0
Q-4ASW,15903,Id3,24,13,Chaise,24,24,0,24,0,0,24
Q-4C2A,17121,Mxd3,24,14,SSR,24,24,0,0,0,0,0
Q-4D6E,18213,Ntrk3,24,15,Dataset,24,24,0,0,0,0,0
Q-4FFG,20238,Atxn1,24,16,Chaise,24,24,0,0,0,0,0
Q-4FKC,20322,Sord,24,17,SSR,24,24,0,0,24,24,0
Q-4H72,21410,Hnf1b,24,18,Dataset,24,24,0,0,0,0,0
Q-4H7P,21419,Tfap2b,24,19,Chaise,24,24,0,0,0,0,0
Q-4J8T,22419,Wnt5b,24,20,SSR,24,24,0,0,0,0,0
Q-4XZJ,54419,Cldn6,24,21,Dataset,24,24,0,0,0,0,0
Q-4Y0T,54446,Nfat5,24,22,Chaise,24,24,0,0,0,0,0
Q-508M,55990,Fmo2,24,23,SSR,24,24,0,0,24,24,0
Q-5G2T,71664,Mettl7b,24,24,Dataset,24,24,0,0,24,24,0
Q-5Z04,94224,Srd5a2,24,25,Chaise,24,24,0,24,0,0,24
Q-61RY,104099,Itga9,24,26,SSR,24,24,0,0,0,0,0
Q-64SY,109019,Nabp1,24,27,Dataset,24,24,0,0,0,0,0
Q-6KZC,218772,Rarb,24,28,Chaise,24,24,0,0,0,0,0
Q-6XG2,272322,Arntl2,24,29,SSR,24,24,0,0,0,0,0
Q-3NGJ,999,CDH1,22,30,Dataset,22,22,22,0,0,0,0
Q-3ZZP,7369,UMOD,22,31,Chaise,22,22,0,0,0,0,0
Q-4F3M,19737,Rgs5,22,32,SSR,22,22,0,0,0,0,0
Q-4FW6,20508,Slc18a3,22,33,Dataset,22,22,0,0,0,0,0
Q-5BQA,67758,Aadac,22,34,Chaise,22,22,0,0,0,22,0
Q-6A2Y,114142,Foxp2,22,35,SSR,22,22,0,0,0,0,0
Q-46Z6,12159,Bmp4,21,36,Dataset,21,21,0,0,0,0,0
Q-494G,14115,Fbln2,21,37,Chaise,21,21,0,0,0,0,0
Q-4ASR,15901,Id1,21,38,SSR,21,21,0,0,0,0,0
Q-4AST,15902,Id2,21,39,Dataset,21,21,0,0,0,0,0
Q-4BGR,16590,Kit,21,40,Chaise,21,21,0,0,0,0,0
Q-4BTG,16848,Lfng,21,41,SSR,21,21,0,21,0,0,21
Q-4C9Y,17285,Meox1,21,42,Dataset,21,21,0,21,0,0,21
Q-4CJ4,17702,Msx2,21,43,Chaise,21,21,0,0,0,0,0
Q-4G3M,20680,Sox7,21,44,SSR,21,21,0,0,0,0,0
Q-4H7R,21420,Tfap2c,21,45,Dataset,21,21,0,0,0,0,0
Q-53GY,60596,Gucy1a1,21,46,Chaise,21,21,0,0,0,0,0
Q-599E,66042,Sostdc1,21,47,SSR,21,21,0,0,0,0,0
Q-5E8M,70008,Ace2,21,48,Dataset,21,21,0,0,0,0,0
Q-5YGP,93735,Wnt16,21,49,Chaise,21,21,0,0,0,0,0
Q-66D8,110310,Krt7,21,50,SSR,21,21,0,0,0,0,0
Q-70ZE,320432,9230110F11Rik,21,51,Dataset,21,21,0,0,0,21,0
Q-3T8P,3875,KRT18,20,52,Chaise,20,0,20,0,0,0,0
Q-3W6R,5159,PDGFRB,20,53,SSR,20,20,20,0,0,0,0
Q-41KP,8626,TP63,20,54,Dataset,20,0,0,0,0,0,0
Q-48TR,13797,Emx2,20,55,Chaise,20,20,0,0,0,0,0
Q-4AWR,16008,Igfbp2,20,56,SSR,20,20,0,0,0,0,0
Q-4BTM,16852,Lgals1,20,57,Dataset,20,20,0,0,0,20,0
Q-4CBC,17319,Mif,20,58,Chaise,20,20,0,0,0,0,0
Q-4D6G,18214,Ddr2,20,59,SSR,20,20,0,0,0,0,0
Q-4DMM,18612,Etv4,20,60,Dataset,20,20,0,0,0,0,0
Q-4G0J,20613,Snai1,20,61,Chaise,20,20,0,0,0,0,0
Q-4H7Y,21425,Tfeb,20,62,SSR,20,20,0,0,0,0,0
Q-4M5E,23871,Ets1,20,63,Dataset,20,20,0,0,0,0,0
Q-4MCA,24058,Sigirr,20,64,Chaise,20,20,0,0,0,20,0
Q-583E,63873,Trpv4,20,65,SSR,20,20,0,20,0,0,20
Q-5G0C,71733,Susd2,20,66,Dataset,20,20,0,0,0,20,0
Q-6J8E,209195,Clic6,20,67,Chaise,20,20,0,0,0,20,0
Q-6K2R,214575,Tdrd5,20,68,SSR,20,20,0,0,20,0,0
Q-3QBE,2118,ETV4,18,69,Dataset,18,18,0,0,0,0,0
Q-3YGA,6519,SLC3A1,18,70,Chaise,18,18,0,0,0,0,0
Q-46FW,11799,Birc5,18,71,SSR,18,18,18,0,0,0,0
Q-46MG,11848,Rhoa,18,72,Dataset,18,18,0,0,0,0,0
Q-4724,12261,C1qbp,18,73,Chaise,18,18,0,0,0,0,0
Q-47C6,12484,Cd24a,18,74,SSR,18,18,0,0,0,0,0
Q-47YR,12931,Crlf1,18,75,Dataset,18,18,0,0,0,0,0
Q-489J,13179,Dcn,18,76,Chaise,18,18,0,0,0,0,0
Q-48RG,13661,Ehf,18,77,SSR,18,18,0,0,0,0,0
Q-491G,14048,Eya1,18,78,Dataset,18,18,0,0,0,18,0
Q-494M,14119,Fbn2,18,79,Chaise,18,18,0,0,0,0,0
Q-49E4,14357,Dtx1,18,80,SSR,18,18,0,0,0,0,0
Q-4A0M,14815,Nr3c1,18,81,Dataset,18,18,0,0,0,0,0
Q-4AJT,15426,Hoxc8,18,82,Chaise,18,18,0,0,0,0,0
Q-4B6T,16373,Irx3,18,83,SSR,18,18,0,18,0,0,18
Q-4BHA,16599,Klf3,18,84,Dataset,18,18,0,18,0,0,18
Q-4C9E,17263,Meg3,18,85,Chaise,18,18,0,0,0,0,0
Q-4CA0,17286,Meox2,18,86,SSR,18,18,0,0,0,0,0
Q-4D20,18109,Mycn,18,87,Dataset,18,18,0,0,0,0,0
Q-4DSC,18744,Pja1,18,88,Chaise,18,18,0,0,0,0,0
Q-4E0J,18991,Pou3f1,18,89,SSR,18,18,0,0,0,0,0
Q-4EJG,19411,Rarg,18,90,Dataset,18,18,0,0,0,0,0
Q-4FVM,20497,Slc12a3,18,91,Chaise,18,18,18,18,0,0,18
Q-4G3A,20674,Sox2,18,92,SSR,18,18,0,0,0,0,0
Q-4H3W,21333,Tac1,18,93,Dataset,18,18,0,0,0,0,0
Q-4H62,21385,Tbx2,18,94,Chaise,18,18,0,0,0,0,0
Q-4H7C,21415,Tcf7l1,18,95,SSR,18,18,0,0,0,0,0
Q-4HKP,21917,Tmpo,18,96,Dataset,18,18,0,0,0,0,0
Q-4J8M,22416,Wnt3a,18,97,Chaise,18,18,0,0,0,0,0
Q-4N9G,26379,Esrra,18,98,SSR,18,18,0,0,0,0,0
Q-4NX8,26927,Foxl2,18,99,Dataset,18,18,0,18,0,0,18
Q-4SSW,30937,Lmcd1,18,100,Chaise,18,18,0,0,0,0,0
Q-4TJW,51176,LEF1,18,101,SSR,18,18,18,0,0,0,0
Q-4YD4,54710,Hs3st3b1,18,102,Dataset,18,18,0,0,0,0,0
Q-50VJ,56379,Kcnj1,18,103,Chaise,18,18,0,0,0,18,0
Q-5380,59036,Dact1,18,104,SSR,18,18,0,0,0,18,0
Q-5952,65255,Asb4,18,105,Dataset,18,18,0,0,0,0,0
Q-5EC8,70127,Dpf3,18,106,Chaise,18,18,0,0,0,0,0
Q-5K2G,74176,Tgm5,18,107,SSR,18,18,0,0,0,18,0
Q-5K42,74202,Fblim1,18,108,Dataset,18,18,0,0,0,0,0
Q-5K9A,74318,Hopx,18,109,Chaise,18,18,0,0,0,0,0
Q-5YHJ,93762,Smarca5,18,110,SSR,18,18,0,0,0,0,0
Q-674M,110829,Lims1,18,111,Dataset,18,18,0,0,0,0,0
Q-6BX0,118449,Synpo2,18,112,Chaise,18,18,0,0,0,18,0
Q-6NSJ,228942,Cbln4,18,113,SSR,18,18,0,0,0,0,0
Q-6XQ0,280411,Lix1l,18,114,Dataset,18,18,0,0,0,18,0
Q-3M46,182,JAG1,17,115,Chaise,17,17,17,0,0,0,0
Q-60EC,99982,Kdm1a,17,116,SSR,17,17,0,0,0,0,0
Q-3R50,2625,GATA3,16,117,Dataset,16,16,0,0,0,0,0
Q-465E,11464,Actc1,16,118,Chaise,16,16,0,0,0,0,0
Q-47TR,12832,Col5a2,16,119,SSR,16,16,0,0,0,0,0
Q-48GE,13433,Dnmt1,16,120,Dataset,16,16,16,16,0,0,0
Q-48KR,13511,Dsg2,16,121,Chaise,16,16,0,0,0,0,0
Q-4ACC,15213,Hey1,16,122,SSR,16,16,0,0,0,0,0
Q-4BVM,16872,Lhx4,16,123,Dataset,16,16,0,0,0,0,0
Q-4BX8,16918,Mycl,16,124,Chaise,16,16,0,0,0,0,0
Q-4CB6,17313,Mgp,16,125,SSR,16,16,0,0,0,0,0
Q-4CQC,17859,Mxi1,16,126,Dataset,16,16,0,0,0,0,0
Q-4D3A,18140,Uhrf1,16,127,Chaise,16,16,0,0,0,0,0
Q-4DYJ,18933,Prrx1,16,128,SSR,16,16,0,0,0,0,0
Q-4F2A,19708,Dpf2,16,129,Dataset,16,16,0,0,0,0,0
Q-4FK2,20317,Serpinf1,16,130,Chaise,16,16,0,0,0,0,0
Q-4FP0,20378,Frzb,16,131,SSR,16,16,0,0,0,0,0
Q-4FTT,20476,Six6,16,132,Dataset,16,16,0,0,0,0,0
Q-4G4E,20692,Sparc,16,133,Chaise,16,16,0,0,0,0,0
Q-4H7J,21417,Zeb1,16,134,SSR,16,16,0,0,0,0,0
Q-4SAA,29817,Igfbp7,16,135,Dataset,16,16,0,0,0,0,0
Q-59QA,66333,Aqp11,16,136,Chaise,16,16,0,0,16,0,0
Q-625C,104457,0610010K14Rik,16,137,SSR,16,16,0,0,0,0,0
Q-69QT,112417,Ugt2b37,16,138,Dataset,16,16,0,0,16,16,0
Q-6J9T,209446,Tfe3,16,139,Chaise,16,16,0,0,0,0,0
Q-6K3Y,214779,Zfp879,16,140,SSR,16,16,0,0,0,0,0
Q-6QNM,237759,Col23a1,16,141,Dataset,16,16,0,0,0,16,0
Q-3X14,5625,PRODH,15,142,Chaise,15,15,0,0,0,0,0
Q-467Y,11522,Adh1,15,143,SSR,15,15,0,0,0,0,0
Q-48PW,13619,Phc1,15,144,Dataset,15,15,0,0,0,0,0
Q-48QJ,13641,Efnb1,15,145,Chaise,15,15,0,0,0,0,0
Q-48Z8,13982,Esr1,15,146,SSR,15,15,0,0,0,0,0
Q-49EP,14369,Fzd7,15,147,Dataset,15,15,0,0,0,0,0
Q-4A4M,14961,H2-Ab1,15,148,Chaise,15,15,0,0,0,0,0
Q-4CSR,17919,Myo5b,15,149,SSR,15,15,0,0,0,0,0
Q-4DS8,18741,Pitx2,15,150,Dataset,15,15,0,0,0,0,0
Q-4FMG,20347,Sema3b,15,151,Chaise,15,15,0,15,0,0,15
Q-4FMJ,20348,Sema3c,15,152,SSR,15,15,0,0,0,0,0
Q-4FNW,20375,Spi1,15,153,Dataset,15,15,0,0,0,0,0
Q-4G0R,20616,Snap91,15,154,Chaise,15,15,0,0,0,0,0
Q-4G36,20672,Sox18,15,155,SSR,15,15,0,15,0,0,15
Q-4J4W,22337,Vdr,15,156,Dataset,15,15,0,0,0,15,0
Q-4MEY,24131,Ldb3,15,157,Chaise,15,15,0,0,0,0,0
Q-4NHW,26564,Ror2,15,158,SSR,15,15,0,0,0,0,0
Q-4SA0,29811,Ndrg2,15,159,Dataset,15,15,0,0,0,0,0
Q-4WYG,53318,Pdlim3,15,160,Chaise,15,15,0,0,0,0,0
Q-4Y2C,54474,KRT20,15,161,SSR,15,0,0,0,0,0,0
Q-5062,55938,Apom,15,162,Dataset,15,15,0,0,0,15,0
Q-5C20,68010,Bambi,15,163,Chaise,15,15,0,0,0,0,0
Q-5DC8,69257,Elf2,15,164,SSR,15,15,0,0,0,0,0
Q-5FDE,71093,Atoh8,15,165,Dataset,15,15,0,0,0,0,0
Q-5G2P,71660,Rarres2,15,166,Chaise,15,15,0,0,0,0,0
Q-3TDA,3975,LHX1,14,167,SSR,14,14,0,0,0,0,0
Q-474M,12309,S100g,14,168,Dataset,14,14,0,0,0,0,0
Q-4764,12338,Capn6,14,169,Chaise,14,14,0,0,0,0,0
Q-47CA,12488,Cd2ap,14,170,SSR,14,14,0,0,0,0,0
Q-47P8,12741,Cldn5,14,171,Dataset,14,14,0,0,0,0,0
Q-47T6,12823,Col19a1,14,172,Chaise,14,14,0,0,0,0,0
Q-48GP,13436,Dnmt3b,14,173,SSR,14,14,14,0,0,0,0
Q-48VE,13809,Enpep,14,174,Dataset,14,14,0,0,0,0,0
Q-490E,14013,Mecom,14,175,Chaise,14,14,0,0,0,0,0
Q-49M0,14537,Gcnt1,14,176,SSR,14,14,0,0,0,0,0
Q-49NY,14587,Gfra3,14,177,Dataset,14,14,0,14,0,0,14
Q-4ARM,15572,Elavl4,14,178,Chaise,14,14,0,0,0,0,0
Q-4BNP,16687,Krt6a,14,179,SSR,14,14,0,0,0,0,0
Q-4BR0,16775,Lama4,14,180,Dataset,14,14,0,0,0,0,0
Q-4C4A,17156,Man1a2,14,181,Chaise,14,14,0,0,0,0,0
Q-4C52,17172,Ascl1,14,182,SSR,14,14,0,0,0,0,0
Q-4CT6,17928,Myog,14,183,Dataset,14,14,0,0,0,0,0
Q-4CYT,18028,Nfib,14,184,Chaise,14,14,0,0,0,0,0
Q-4DMT,18616,Peg3,14,185,SSR,14,14,0,0,0,0,0
Q-4F08,19659,Rbp1,14,186,Dataset,14,14,0,0,0,0,0
Q-4FKW,20338,Sel1l,14,187,Chaise,14,14,0,0,0,0,0
Q-4HF2,21808,Tgfb2,14,188,SSR,14,14,0,0,0,0,0
Q-4HF8,21812,Tgfbr1,14,189,Dataset,14,14,0,0,0,0,0
Q-4M9G,23967,Osr1,14,190,Chaise,14,14,0,0,0,0,0
Q-50V8,56373,Cpb2,14,191,SSR,14,14,0,0,0,0,0
Q-584P,63913,Fam129a,14,192,Dataset,14,14,0,0,14,0,0
Q-5AE4,66854,Trim35,14,193,Chaise,14,14,0,0,0,0,0
Q-5AW2,67155,Smarca2,14,194,SSR,14,14,0,0,0,0,0
Q-5CT2,68705,Gtf2f2,14,195,Dataset,14,14,0,0,0,0,0
Q-5F0G,70779,Prdm5,14,196,Chaise,14,14,0,0,0,0,0
Q-5F56,70891,Spdya,14,197,SSR,14,14,0,0,0,0,0
Q-5FCT,71083,Dmrtc1c1,14,198,Dataset,14,14,0,0,0,0,0
Q-5G9M,71827,Lrrc34,14,199,Chaise,14,14,0,0,0,0,0
Q-5GQC,72148,Tdrp,14,200,SSR,14,14,0,0,0,0,0
Q-5PB4,76871,4930422N03Rik,14,201,Dataset,14,14,0,0,0,0,0
Q-5ZW6,98053,Gtf2f1,14,202,Chaise,14,14,0,0,0,0,0
Q-601J,98496,Pid1,14,203,SSR,14,14,0,0,0,14,0
Q-637A,107513,Ssr1,14,204,Dataset,14,14,0,0,0,0,0
Q-67B4,110958,M1ap,14,205,Chaise,14,14,0,0,0,0,0
Q-6Q02,233908,Fus,14,206,SSR,14,14,0,0,0,0,0
Q-72R8,331063,Gsdmc2,14,207,Dataset,14,14,0,0,0,0,0
Q-75V2,380684,Nefh,14,208,Chaise,14,14,0,0,0,0,0
Q-3T8C,3860,KRT13,13,209,SSR,13,0,13,0,0,0,0
Q-3Y44,6299,SALL1,13,210,Dataset,13,13,0,0,0,0,0
Q-3S6Y,3217,HOXB7,12,211,Chaise,12,12,0,0,0,0,0
Q-3XA6,5788,PTPRC,12,212,SSR,12,0,12,0,0,0,0
Q-463W,11421,Ace,12,213,Dataset,12,12,0,0,12,0,0
Q-46KM,11835,Ar,12,214,Chaise,12,12,12,0,0,0,0
Q-46QC,11922,Neurod6,12,215,SSR,12,12,0,0,0,0,0
Q-46YJ,12142,Prdm1,12,216,Dataset,12,12,0,0,0,0,0
Q-4720,12259,C1qa,12,217,Chaise,12,12,0,0,0,0,0
Q-47P4,12739,Cldn3,12,218,SSR,12,12,0,0,0,0,0
Q-47R4,12785,Cnbp,12,219,Dataset,12,12,0,0,0,0,0
Q-4844,13047,Cux1,12,220,Chaise,12,12,0,0,0,0,0
Q-48ER,13390,Dlx1,12,221,SSR,12,12,0,0,0,0,0
Q-48N0,13557,E2f3,12,222,Dataset,12,12,0,0,0,0,0
Q-48N4,13560,E4f1,12,223,Chaise,12,12,0,0,0,0,0
Q-499P,14234,Foxc2,12,224,SSR,12,12,0,0,0,0,0
Q-49CY,14313,Fst,12,225,Dataset,12,12,0,0,0,0,0
Q-49J6,14456,Gas6,12,226,Chaise,12,12,0,0,0,0,0
Q-4A8P,15132,Hbb-bh1,12,227,SSR,12,12,0,0,0,0,0
Q-4A8T,15135,Hbb-y,12,228,Dataset,12,12,0,0,0,0,0
Q-4ADC,15242,Hhex,12,229,Chaise,12,12,0,0,0,0,0
Q-4BDR,16525,Kcnk1,12,230,SSR,12,12,0,0,0,0,0
Q-4BEC,16534,Kcnn4,12,231,Dataset,12,12,0,0,0,0,0
Q-4BEP,16541,Napsa,12,232,Chaise,12,12,0,0,12,12,0
Q-4BVR,16874,Lhx6,12,233,SSR,12,12,0,0,0,0,0
Q-4C2G,17125,Smad1,12,234,Dataset,12,12,0,0,0,0,0
Q-4C2Y,17132,Maf,12,235,Chaise,12,12,0,0,0,0,0
Q-4C8C,17242,Mdk,12,236,SSR,12,12,0,0,0,0,0
Q-4CR6,17878,Myf6,12,237,Dataset,12,12,0,0,0,0,0
Q-4CT4,17927,Myod1,12,238,Chaise,12,12,0,0,0,0,0
Q-4CY8,18019,Nfatc2,12,239,SSR,12,12,0,0,0,0,0
Q-4CYM,18024,Nfe2l2,12,240,Dataset,12,12,0,0,0,0,0
Q-4D0E,18074,Nid2,12,241,Chaise,12,12,0,0,0,0,0
Q-4DE6,18436,P2rx1,12,242,SSR,12,12,0,0,0,0,0
Q-4DG0,18504,Pax2,12,243,Dataset,12,12,12,0,0,0,0
Q-4DN2,18624,Pepd,12,244,Chaise,12,12,0,0,0,0,0
Q-4DPC,18654,Pgf,12,245,SSR,12,12,0,0,0,0,0
Q-4ECW,19277,Ptpro,12,246,Dataset,12,12,0,0,0,0,0
Q-4F1R,19697,Rela,12,247,Chaise,12,12,12,0,0,0,0
Q-4FF6,20230,Satb1,12,248,SSR,12,12,0,0,0,0,0
Q-4FT6,20464,Sim1,12,249,Dataset,12,12,0,12,0,0,12
Q-4FVG,20496,Slc12a2,12,250,Chaise,12,12,0,0,0,0,0
Q-4FYM,20563,Slit2,12,251,SSR,12,12,0,0,0,0,0
Q-4G34,20671,Sox17,12,252,Dataset,12,12,0,0,0,0,0
Q-4GB0,20855,Stc1,12,253,Chaise,12,12,0,0,0,0,0
Q-4GC8,20890,Wnt8a,12,254,SSR,12,12,0,0,0,0,0
Q-4GEJ,20957,Sycp1,12,255,Dataset,12,12,0,0,0,0,0
Q-4HEY,21807,Tsc22d1,12,256,Chaise,12,12,0,0,0,0,0
Q-4HG0,21824,Thbd,12,257,SSR,12,12,0,0,0,0,0
Q-4HG4,21826,Thbs2,12,258,Dataset,12,12,0,0,0,0,0
Q-4HJP,21888,Tle4,12,259,Chaise,12,12,0,0,0,0,0
Q-4HQ8,22004,Tpm2,12,260,SSR,12,12,0,0,0,12,0
Q-4HSM,22064,Trpc2,12,261,Dataset,12,12,0,0,0,0,0
Q-4HX8,22160,Twist1,12,262,Chaise,12,12,0,0,0,0,0
Q-4J26,22278,Usf1,12,263,SSR,12,12,0,0,0,0,0
Q-4J8J,22415,Wnt3,12,264,Dataset,12,12,0,0,0,0,0
Q-4JEJ,22717,Zfp59,12,265,Chaise,12,12,0,0,0,0,0
Q-4JFR,22764,Zfx,12,266,SSR,12,12,0,0,0,0,0
Q-4M2J,23794,Adamts5,12,267,Dataset,12,12,0,0,0,0,0
Q-4SMR,30056,Timm9,12,268,Chaise,12,12,0,0,0,0,0
Q-4SQJ,30841,Kdm2b,12,269,SSR,12,12,0,0,0,0,0
Q-4XXG,54371,Chst2,12,270,Dataset,12,12,0,0,0,0,0
Q-4YDW,54725,Cadm1,12,271,Chaise,12,12,0,0,0,0,0
Q-50HJ,56184,Msgn1,12,272,SSR,12,12,0,0,0,0,0
Q-50YR,56453,Mbtps1,12,273,Dataset,12,12,0,0,0,0,0
Q-51BJ,56787,Ascl3,12,274,Chaise,12,12,0,0,0,0,0
Q-52RW,57816,Tesc,12,275,SSR,12,12,0,0,0,12,0
Q-59D2,66116,Nat8f1,12,276,Dataset,12,12,0,0,12,0,0
Q-59KT,66258,Mrps17,12,277,Chaise,12,12,0,0,0,0,0
Q-5B74,67405,Nts,12,278,SSR,12,12,0,0,0,0,0
Q-5CYA,68837,Foxk2,12,279,Dataset,12,12,0,0,0,0,0
Q-5KK8,74548,Gsdmc4,12,280,Chaise,12,12,0,0,12,0,0
Q-5NXJ,76453,Prss23,12,281,SSR,12,12,0,0,0,0,0
Q-5R1T,78365,Lhx1os,12,282,Dataset,12,12,0,0,0,0,0
Q-5S3T,79362,Bhlhe41,12,283,Chaise,12,12,0,0,0,0,0
Q-5TCC,80732,Mynn,12,284,SSR,12,12,0,0,0,0,0
Q-5TGM,80857,Fgf20,12,285,Dataset,12,12,0,0,0,0,0
Q-5THW,80890,Trim2,12,286,Chaise,12,12,0,0,0,0,0
Q-5YYP,94179,Krt23,12,287,SSR,12,12,0,0,0,0,0
Q-631J,107250,Kazald1,12,288,Dataset,12,12,0,0,0,0,0
Q-634M,107449,Unc5b,12,289,Chaise,12,12,0,0,0,0,0
Q-63PR,108052,Slc14a1,12,290,SSR,12,12,0,0,0,0,0
Q-679W,110935,Atp6v1b1,12,291,Dataset,12,12,12,0,0,0,0
Q-6AM8,114715,Spred1,12,292,Chaise,12,12,0,0,0,0,0
Q-6G7J,170439,Elovl6,12,293,SSR,12,12,0,0,0,0,0
Q-6GGT,170791,Rbm39,12,294,Dataset,12,12,0,0,0,0,0
Q-6J9J,209378,Itih5,12,295,Chaise,12,12,0,0,0,0,0
Q-6JPM,212391,Lcor,12,296,SSR,12,12,0,0,0,0,0
Q-6JRE,212712,Satb2,12,297,Dataset,12,12,0,0,0,0,0
Q-6KA6,215929,Mfsd4b1,12,298,Chaise,12,12,0,0,12,0,0
Q-6KCY,216285,Alx1,12,299,SSR,12,12,0,0,0,0,0
Q-6KNY,217333,Trim47,12,300,Dataset,12,12,0,0,0,0,0
Q-6P4Y,230700,Foxj3,12,301,Chaise,12,12,0,0,0,0,0
Q-6PW8,233406,Prc1,12,302,SSR,12,12,0,0,0,0,0
Q-7070,319776,Tmem72,12,303,Dataset,12,12,0,0,0,12,0
Q-718W,320685,Dctd,12,304,Chaise,12,12,0,0,0,0,0
Q-3S40,3170,FOXA2,11,305,SSR,11,0,0,0,0,0,0
Q-4ARC,15568,Elavl1,11,306,Dataset,11,11,0,0,0,0,0
Q-5K8A,74297,Ccdc182,11,307,Chaise,11,11,0,0,0,0,0
Q-3YJT,6559,SLC12A3,10,308,SSR,10,10,10,0,0,0,0
Q-466R,11492,Adam19,10,309,Dataset,10,10,0,0,0,0,0
Q-46CC,11655,Alas1,10,310,Chaise,10,10,0,0,0,0,0
Q-46YT,12151,Bmi1,10,311,SSR,10,10,0,0,0,0,0
Q-477T,12373,Casq2,10,312,Dataset,10,10,0,0,0,0,0
Q-488T,13164,Dazl,10,313,Chaise,10,10,0,0,0,0,0
Q-48F2,13395,Dlx5,10,314,SSR,10,10,0,0,0,0,0
Q-48QM,13642,Efnb2,10,315,Dataset,10,10,0,0,0,0,0
Q-48WT,13844,Ephb2,10,316,Chaise,10,10,0,0,0,0,0
Q-48X0,13848,Ephb6,10,317,SSR,10,10,0,0,0,0,0
Q-498E,14200,Fhl2,10,318,Dataset,10,10,0,0,0,0,0
Q-49GR,14412,Slc6a13,10,319,Chaise,10,10,0,0,0,10,0
Q-4AC2,15207,Hes3,10,320,SSR,10,10,0,0,0,0,0
Q-4AC4,15208,Hes5,10,321,Dataset,10,10,0,10,0,0,10
Q-4AHM,15402,Hoxa5,10,322,Chaise,10,10,0,0,0,0,0
Q-4AK4,15432,Hoxd12,10,323,SSR,10,10,0,0,0,0,0
Q-4BY6,16973,Lrp5,10,324,Dataset,10,10,0,0,0,0,0
Q-4C62,17191,Mbd2,10,325,Chaise,10,10,0,0,0,0,0
Q-4CA8,17292,Mesp1,10,326,SSR,10,10,0,0,0,0,0
Q-4CAA,17293,Mesp2,10,327,Dataset,10,10,0,0,0,0,0
Q-4CBP,17341,Bhlha15,10,328,Chaise,10,10,0,0,0,0,0
Q-4CQP,17869,Myc,10,329,SSR,10,10,0,0,0,0,0
Q-4CWA,17977,Ncoa1,10,330,Dataset,10,10,0,0,0,0,0
Q-4DD6,18412,Sqstm1,10,331,Chaise,10,10,0,0,0,0,0
Q-4DGE,18511,Pax9,10,332,SSR,10,10,0,0,0,0,0
Q-4DGG,18514,Pbx1,10,333,Dataset,10,10,0,0,0,0,0
Q-4DGJ,18515,Pbx2,10,334,Chaise,10,10,0,0,0,0,0
Q-4DY6,18846,Plxna3,10,335,SSR,10,10,0,0,0,0,0
Q-4FNY,20377,Sfrp1,10,336,Dataset,10,10,0,0,0,0,0
Q-4FRC,20429,Shox2,10,337,Chaise,10,10,0,0,0,0,0
Q-4FTG,20471,Six1,10,338,SSR,10,10,10,0,0,0,0
Q-4GAJ,20848,Stat3,10,339,Dataset,10,10,0,0,0,0,0
Q-4GAR,20851,Stat5b,10,340,Chaise,10,10,0,0,0,0,0
Q-4GF2,20971,Sdc4,10,341,SSR,10,10,0,0,0,0,0
Q-4HQP,22025,Nr2c1,10,342,Dataset,10,10,0,0,0,0,0
Q-4HQY,22029,Traf1,10,343,Chaise,10,10,0,0,0,0,0
Q-4HSA,22059,Trp53,10,344,SSR,10,10,10,0,0,0,0
Q-4J8G,22414,Wnt2b,10,345,Dataset,10,10,0,0,0,0,0
Q-4J92,22423,Wnt8b,10,346,Chaise,10,10,0,0,0,0,0
Q-4M9C,23965,Tenm3,10,347,SSR,10,10,0,0,0,0,0
Q-4NB4,26409,Map3k7,10,348,Dataset,10,10,0,0,0,0,0
Q-4NWJ,26909,Exo1,10,349,Chaise,10,10,0,0,0,0,0
Q-4SSA,30927,Snai3,10,350,SSR,10,10,0,0,0,0,0
Q-5BZ8,67937,Tmem59l,10,351,Dataset,10,10,0,0,0,0,0
Q-5C2P,68026,Pclaf,10,352,Chaise,10,10,0,0,0,0,0
Q-5CEW,68337,Crip2,10,353,SSR,10,10,0,0,0,0,0
Q-5CPM,68585,Rtn4,10,354,Dataset,10,10,0,0,0,0,0
Q-5DGE,69362,Cst12,10,355,Chaise,10,10,0,0,0,0,0
Q-5DX8,69698,Slc52a3,10,356,SSR,10,10,0,0,0,10,0
Q-5HP0,73094,Sgip1,10,357,Dataset,10,10,0,0,0,0,0
Q-5KEE,74434,Sohlh2,10,358,Chaise,10,10,0,0,0,0,0
Q-5RK2,78834,Zfp623,10,359,SSR,10,10,0,0,0,0,0
Q-61VY,104156,Etv5,10,360,Dataset,10,10,0,0,0,0,0
Q-62DP,105355,Slc17a3,10,361,Chaise,10,10,0,0,0,0,0
Q-65CJ,109594,Lmo1,10,362,SSR,10,10,0,0,0,0,0
Q-67B0,110956,D17H6S56E-5,10,363,Dataset,10,10,0,0,0,0,0
Q-6AH4,114644,Slc13a3,10,364,Chaise,10,10,0,0,0,0,0
Q-6BEP,116903,Calcb,10,365,SSR,10,10,0,0,0,0,0
Q-6J0W,207854,Fmr1nb,10,366,Dataset,10,10,0,0,0,0,0
Q-6KG2,216795,Wnt9a,10,367,Chaise,10,10,0,0,0,0,0
Q-6KK2,217069,Trim25,10,368,SSR,10,10,0,0,0,0,0
Q-6KXP,218441,Zfyve16,10,369,Dataset,10,10,0,0,0,0,0
Q-6MYR,224796,Clic5,10,370,Chaise,10,10,0,0,0,0,0
Q-6N54,225872,Npas4,10,371,SSR,10,10,0,0,0,0,0
Q-6ND4,226999,Slc9a2,10,372,Dataset,10,10,0,0,0,0,0
Q-6NZC,229791,Plppr4,10,373,Chaise,10,10,0,0,0,0,0
Q-6QYP,239405,Rspo2,10,374,SSR,10,10,0,0,0,0,0
Q-6R3J,240119,St6gal2,10,375,Dataset,10,10,0,0,0,0,0
Q-6RV0,243937,Zfp536,10,376,Chaise,10,10,0,0,0,0,0
Q-6SPM,252973,Grhl2,10,377,SSR,10,10,0,0,0,0,0
Q-6X60,270004,Foxi2,10,378,Dataset,10,10,0,0,0,0,0
Q-6XCC,270190,Ephb1,10,379,Chaise,10,10,0,0,0,0,0
Q-70AG,319880,Tmcc3,10,380,SSR,10,10,0,0,0,0,0
Q-7FNY,474156,Zbtb9,10,381,Dataset,10,10,0,0,0,0,0
Q-40KA,7849,PAX8,9,382,Chaise,9,9,9,0,0,0,0
Q-45H2,11001,SLC27A2,9,383,SSR,9,9,0,0,0,0,0
Q-46QJ,11925,Neurog3,9,384,Dataset,9,9,0,0,0,0,0
Q-4854,13070,Cyp11a1,9,385,Chaise,9,9,0,9,0,0,9
Q-4908,14009,Etv1,9,386,SSR,9,9,0,0,0,0,0
Q-49JJ,14463,Gata4,9,387,Dataset,9,9,0,0,0,0,0
Q-49V4,14702,Gng2,9,388,Chaise,9,9,0,0,0,0,0
Q-4ABY,15205,Hes1,9,389,SSR,9,9,0,0,0,0,0
Q-4AG8,15370,Nr4a1,9,390,Dataset,9,9,0,0,0,0,0
Q-4AKY,15446,Hpgd,9,391,Chaise,9,9,0,0,0,0,0
Q-4BVW,16875,Lhx8,9,392,SSR,9,9,0,0,0,0,0
Q-4CTJ,17933,Myt1l,9,393,Dataset,9,9,0,0,0,0,0
Q-4CWP,17988,Ndrg1,9,394,Chaise,9,9,0,0,0,0,0
Q-4DHA,18541,Pcnt,9,395,SSR,9,9,0,0,0,0,0
Q-4EHY,19401,Rara,9,396,Dataset,9,9,0,0,0,0,0
Q-4G3G,20678,Sox5,9,397,Chaise,9,9,0,0,0,0,0
Q-4H7W,21423,Tcf3,9,398,SSR,9,9,0,0,0,0,0
Q-4HBP,21674,Sry,9,399,Dataset,9,9,0,9,0,0,0
Q-4HBY,21678,Tead3,9,400,Chaise,9,9,0,0,0,0,0
Q-4HGJ,21833,Thra,9,401,SSR,9,9,0,0,0,0,0
Q-4J28,22282,Usf2,9,402,Dataset,9,9,0,0,0,0,0
Q-5E32,69852,Tcf23,9,403,Chaise,9,9,0,0,0,0,0
Q-5GF6,71950,Nanog,9,404,SSR,9,9,0,0,0,0,0
Q-5GH0,71989,Rpusd4,9,405,Dataset,9,9,0,0,0,0,0
Q-5JTA,74002,Psd2,9,406,Chaise,9,9,0,0,0,0,0
Q-5JZ4,74103,Nebl,9,407,SSR,9,9,0,0,0,0,0
Q-5P10,76589,Unc5cl,9,408,Dataset,9,9,0,0,0,9,0
Q-5PA6,76846,Rps9,9,409,Chaise,9,9,0,0,0,0,0
Q-5YZY,94221,Gopc,9,410,SSR,9,9,0,0,0,0,0
Q-6AFM,114601,Ehbp1l1,9,411,Dataset,9,9,0,0,0,0,0
Q-6HAG,195333,Gsc2,9,412,Chaise,9,9,0,0,0,0,0
Q-6P3E,230587,Glis1,9,413,SSR,9,9,0,0,0,0,0
Q-6QYY,239435,Aard,9,414,Dataset,9,9,0,0,0,0,0
Q-70NR,320174,A830082K12Rik,9,415,Chaise,9,9,0,0,0,0,0
Q-71NW,321019,Gpr183,9,416,SSR,9,9,0,0,0,0,0
Q-87S6,100039528,1110002E22Rik,9,417,Dataset,9,9,0,0,0,0,0
Q-463E,11364,Acadm,8,418,Chaise,8,8,0,0,0,0,0
Q-464W,11444,Chrnb2,8,419,SSR,8,8,0,0,0,0,0
Q-46CY,11674,Aldoa,8,420,Dataset,8,8,0,0,0,0,0
Q-46FP,11752,Anxa8,8,421,Chaise,8,8,0,0,0,0,0
Q-46NE,11864,Arnt2,8,422,SSR,8,8,0,0,0,0,0
Q-46VE,12029,Bcl6b,8,423,Dataset,8,8,0,0,0,0,0
Q-471E,12234,Btrc,8,424,Chaise,8,8,0,0,0,0,0
Q-476M,12349,Car2,8,425,SSR,8,8,0,0,0,0,0
Q-4794,12404,Cbln1,8,426,Dataset,8,8,0,0,0,0,0
Q-47AA,12444,Ccnd2,8,427,Chaise,8,8,0,0,0,0,0
Q-47PW,12759,Clu,8,428,SSR,8,8,0,0,0,0,0
Q-4840,13043,Cttn,8,429,Dataset,8,8,0,0,0,0,0
Q-487T,13123,Cyp7b1,8,430,Chaise,8,8,0,0,0,0,0
Q-48EW,13392,Dlx2,8,431,SSR,8,8,0,0,0,0,0
Q-48EY,13393,Dlx3,8,432,Dataset,8,8,0,0,0,0,0
Q-48NG,13592,Ebf2,8,433,Chaise,8,8,0,0,0,0,0
Q-48WE,13837,Epha3,8,434,SSR,8,8,0,0,0,0,0
Q-48WP,13841,Epha7,8,435,Dataset,8,8,0,0,0,0,0
Q-48XY,13864,Nr2f6,8,436,Chaise,8,8,0,0,0,0,0
Q-493A,14083,Ptk2,8,437,SSR,8,8,0,0,0,0,0
Q-494J,14118,Fbn1,8,438,Dataset,8,8,0,0,0,0,0
Q-496M,14167,Fgf12,8,439,Chaise,8,8,0,0,0,0,0
Q-4976,14176,Fgf5,8,440,SSR,8,8,0,0,0,0,0
Q-497A,14178,Fgf7,8,441,Dataset,8,8,0,0,0,0,0
Q-497G,14180,Fgf9,8,442,Chaise,8,8,0,0,0,0,0
Q-497M,14182,Fgfr1,8,443,SSR,8,8,0,0,0,0,0
Q-498C,14199,Fhl1,8,444,Dataset,8,8,0,0,0,0,0
Q-49CM,14302,Frk,8,445,Chaise,8,8,0,0,0,0,0
Q-49KW,14534,Kat2a,8,446,SSR,8,8,0,0,0,0,0
Q-49R6,14632,Gli1,8,447,Dataset,8,8,0,0,0,0,0
Q-49SM,14675,Gna14,8,448,Chaise,8,8,0,0,0,0,0
Q-49X6,14745,Lpar1,8,449,SSR,8,8,0,0,0,0,0
Q-4AFW,15361,Hmga1,8,450,Dataset,8,8,0,0,0,0,0
Q-4AHG,15400,Hoxa3,8,451,Chaise,8,8,0,0,0,0,0
Q-4AHT,15405,Hoxa9,8,452,SSR,8,8,0,0,0,0,0
Q-4AJP,15424,Hoxc5,8,453,Dataset,8,8,0,0,0,0,0
Q-4AK0,15430,Hoxd10,8,454,Chaise,8,8,0,0,0,0,0
Q-4AM6,15451,Hpn,8,455,SSR,8,8,0,0,0,0,0
Q-4ASY,15904,Id4,8,456,Dataset,8,8,0,0,0,0,0
Q-4B2G,16201,Ilf3,8,457,Chaise,8,8,0,0,0,0,0
Q-4B80,16400,Itga3,8,458,SSR,8,8,0,0,0,0,0
Q-4B86,16403,Itga6,8,459,Dataset,8,8,0,0,0,0,0
Q-4C46,17153,Mal,8,460,Chaise,8,8,0,0,0,0,0
Q-4C9C,17261,Mef2d,8,461,SSR,8,8,0,0,0,0,0
Q-4CAP,17301,Foxd2,8,462,Dataset,8,8,0,0,0,0,0
Q-4CBY,17346,Mknk1,8,463,Chaise,8,8,0,0,0,0,0
Q-4CDP,17425,Foxk1,8,464,SSR,8,8,0,0,0,0,0
Q-4CR4,17877,Myf5,8,465,Dataset,8,8,0,0,0,0,0
Q-4CWC,17978,Ncoa2,8,466,Chaise,8,8,0,0,0,0,0
Q-4CZM,18041,Nfs1,8,467,SSR,8,8,0,0,0,0,0
Q-4D08,18071,Nhlh1,8,468,Dataset,8,8,0,0,0,0,0
Q-4DDM,18420,Otp,8,469,Chaise,8,8,0,0,0,0,0
Q-4DST,18751,Prkcb,8,470,SSR,8,8,0,0,0,0,0
Q-4DWC,18797,Plcb3,8,471,Dataset,8,8,0,0,0,0,0
Q-4DYR,18938,Ppp1r14b,8,472,Chaise,8,8,0,0,0,0,0
Q-4E1E,19016,Pparg,8,473,SSR,8,8,0,0,0,0,0
Q-4E1J,19017,Ppargc1a,8,474,Dataset,8,8,0,0,0,0,0
Q-4E38,19059,Ppp3r2,8,475,Chaise,8,8,0,0,0,0,0
Q-4E9G,19213,Ptf1a,8,476,SSR,8,8,0,0,0,0,0
Q-4F1P,19696,Rel,8,477,Dataset,8,8,0,0,0,0,0
Q-4FCC,20167,Rtn2,8,478,Chaise,8,8,0,0,0,0,0
Q-4FD0,20186,Nr1h4,8,479,SSR,8,8,0,0,0,0,0
Q-4FW4,20505,Slc34a1,8,480,Dataset,8,8,0,0,0,0,0
Q-4FX6,20522,Slc23a1,8,481,Chaise,8,8,0,0,8,8,0
Q-4H4P,21350,Tal2,8,482,SSR,8,8,0,0,0,0,0
Q-4H6R,21402,Skp1a,8,483,Dataset,8,8,0,0,0,0,0
Q-4H7M,21418,Tfap2a,8,484,Chaise,8,8,0,0,0,0,0
Q-4HSE,22061,Trp63,8,485,SSR,8,8,8,0,0,0,0
Q-4HSR,22066,Trpc4,8,486,Dataset,8,8,0,0,0,0,0
Q-4J4Y,22339,Vegfa,8,487,Chaise,8,8,0,0,0,0,0
Q-4NBE,26414,Mapk10,8,488,SSR,8,8,0,0,0,0,0
Q-4NHT,26563,Ror1,8,489,Dataset,8,8,0,0,0,0,0
Q-4QHW,28019,Ing4,8,490,Chaise,8,8,0,0,0,0,0
Q-4S9T,29808,Mga,8,491,SSR,8,8,0,0,0,0,0
Q-4SD6,29871,Scmh1,8,492,Dataset,8,8,0,0,0,0,0
Q-4SY0,50530,Mfap5,8,493,Chaise,8,8,0,0,0,0,0
Q-4T6W,50913,Olig2,8,494,SSR,8,8,0,0,0,0,0
Q-4VKR,52033,Pbk,8,495,Dataset,8,8,0,0,0,0,0
Q-4WZ0,53328,Pgrmc1,8,496,Chaise,8,8,0,0,0,0,0
Q-4X36,53608,Map3k6,8,497,SSR,8,8,0,0,0,0,0
Q-4X4C,53627,Porcn,8,498,Dataset,8,8,0,0,0,0,0
Q-4XZM,54420,Cldn8,8,499,Chaise,8,8,0,0,0,0,0
Q-4YD6,54711,Plagl2,8,500,SSR,8,8,0,0,0,0,0
Q-508R,55992,Trim3,8,501,Dataset,8,8,0,0,0,0,0
Q-515R,56636,Fgf21,8,502,Chaise,8,8,0,0,0,0,0
Q-51CE,56811,Dkk2,8,503,SSR,8,8,0,0,0,0,0
Q-51D2,56843,Trpm5,8,504,Dataset,8,8,0,0,0,0,0
Q-51ZT,57265,Fzd2,8,505,Chaise,8,8,0,0,0,0,0
Q-52WG,58176,Rhbg,8,506,SSR,8,8,0,0,0,0,0
Q-5394,59058,Bhlhe22,8,507,Dataset,8,8,0,0,0,0,0
Q-539W,59095,Fxyd6,8,508,Chaise,8,8,0,0,0,0,0
Q-586M,63953,Dusp10,8,509,SSR,8,8,0,0,0,0,0
Q-58J8,64378,Gpr88,8,510,Dataset,8,8,0,0,0,0,0
Q-5ASY,67112,Fgf22,8,511,Chaise,8,8,0,0,0,0,0
Q-5BAC,67473,Slc47a1,8,512,SSR,8,8,0,0,0,0,0
Q-5CTT,68729,Trim37,8,513,Dataset,8,8,0,0,0,0,0
Q-5H2M,72446,Prr5l,8,514,Chaise,8,8,0,0,0,0,0
Q-5HCE,72780,Rspo3,8,515,SSR,8,8,0,0,0,0,0
Q-5HK6,73010,Gpr22,8,516,Dataset,8,8,0,0,0,0,0
Q-5JYC,74090,Paqr5,8,517,Chaise,8,8,0,0,0,0,0
Q-5P04,76560,Prss8,8,518,SSR,8,8,0,0,0,0,0
Q-5PJA,77048,Cep83,8,519,Dataset,8,8,0,0,0,0,0
Q-5VT4,84035,Kremen1,8,520,Chaise,8,8,0,0,0,0,0
Q-5Y5A,93691,Klf7,8,521,SSR,8,8,0,0,0,0,0
Q-5YE8,93687,Csnk1a1,8,522,Dataset,8,8,0,0,0,0,0
Q-5YGR,93736,Aff4,8,523,Chaise,8,8,0,0,0,0,0
Q-5Z0A,94229,Slc4a10,8,524,SSR,8,8,0,0,0,0,0
Q-62AR,105083,Pelo,8,525,Dataset,8,8,0,0,0,0,0
Q-639W,107581,Col16a1,8,526,Chaise,8,8,0,0,0,0,0
Q-63E0,107747,Aldh1l1,8,527,SSR,8,8,0,0,0,8,0
Q-64N2,108660,Rnf187,8,528,Dataset,8,8,0,0,0,0,0
Q-6DRR,140489,Bhlhe23,8,529,Chaise,8,8,0,0,0,0,0
Q-6H92,194655,Klf11,8,530,SSR,8,8,0,0,0,0,0
Q-6J68,208846,Daam1,8,531,Dataset,8,8,0,0,0,0,0
Q-6KCR,216233,Socs2,8,532,Chaise,8,8,0,0,0,0,0
Q-6KM4,217166,Nr1d1,8,533,SSR,8,8,0,0,0,0,0
Q-6N3E,225579,Slc27a6,8,534,Dataset,8,8,0,0,0,0,0
Q-6NA2,226519,Lamc1,8,535,Chaise,8,8,0,0,0,0,0
Q-6NPG,228598,Ebf4,8,536,SSR,8,8,0,0,0,0,0
Q-6Q1C,234219,Helt,8,537,Dataset,8,8,0,0,0,0,0
Q-6Q3J,234593,Ndrg4,8,538,Chaise,8,8,0,0,0,0,0
Q-6QBP,235582,Glyctk,8,539,SSR,8,8,0,0,8,0,0
Q-6QY0,239273,Abcc4,8,540,Dataset,8,8,0,0,0,0,0
Q-706C,319757,Smo,8,541,Chaise,8,8,0,0,0,0,0
Q-731C,338346,Gpr21,8,542,SSR,8,8,0,0,0,0,0
Q-7D9E,433586,Maml3,8,543,Dataset,8,8,0,0,0,0,0
Q-7GMG,494504,Apcdd1,8,544,Chaise,8,8,0,0,0,0,0
Q-7KGC,622402,Akr1c12,8,545,SSR,8,8,0,0,0,0,0
Q-3NGT,1003,CDH5,7,546,Dataset,7,7,0,0,0,0,0
Q-3QG6,2203,FBP1,7,547,Chaise,7,7,0,0,0,0,0
Q-3SXJ,3670,ISL1,7,548,SSR,7,0,0,0,0,0,0
Q-3T8E,3861,KRT14,7,549,Dataset,7,0,7,0,0,0,0
Q-3TCJ,3955,LFNG,7,550,Chaise,7,7,0,0,0,0,0
Q-3TQT,4211,MEIS1,7,551,SSR,7,7,0,0,0,0,0
Q-3ZYY,7356,SCGB1A1,7,552,Dataset,7,0,7,0,0,0,0
Q-47SW,12817,Col13a1,7,553,Chaise,7,7,0,0,0,0,0
Q-49XJ,14758,Gpm6b,7,554,SSR,7,7,0,0,0,0,0
Q-4C10,17084,Ly86,7,555,Dataset,7,7,0,0,0,0,0
Q-4G5E,20713,Serpini1,7,556,Chaise,7,7,0,0,0,0,0
Q-4JGA,22776,Zim1,7,557,SSR,7,7,0,0,0,0,0
Q-4N1E,26147,PHF19,7,558,Dataset,7,7,0,0,0,0,0
Q-4TDP,51084,CRYL1,7,559,Chaise,7,7,0,0,0,0,0
Q-4V5M,51635,DHRS7,7,560,SSR,7,0,7,0,0,0,0
Q-50P8,56277,Tmem45a,7,561,Dataset,7,7,0,0,0,0,0
Q-5RJJ,78818,5830407P18Rik,7,562,Chaise,7,7,0,0,0,0,0
Q-5V74,81906,Cyp4x1,7,563,SSR,7,7,0,0,0,0,0
Q-61PY,104027,Synpo,7,564,Dataset,7,7,0,0,0,0,0
Q-62KM,105855,Nckap1l,7,565,Chaise,7,7,0,0,0,0,0
Q-6HCM,196410,METTL7B,7,566,SSR,7,7,0,0,0,0,0
Q-6KNT,217328,Myo15b,7,567,Dataset,7,7,0,0,0,7,0
Q-7N5T,629147,Ctxn3,7,568,Chaise,7,7,0,0,0,0,0
Q-3MPE,525,ATP6V1B1,6,569,SSR,0,0,6,0,0,0,0
Q-3N70,827,CAPN6,6,570,Dataset,6,6,0,0,0,0,0
Q-3NQ2,1113,CHGA,6,571,Chaise,6,0,6,0,0,0,0
Q-3NYE,1264,CNN1,6,572,SSR,0,0,6,0,0,0,0
Q-3PJW,1634,DCN,6,573,Dataset,6,0,6,0,0,0,0
Q-3QP2,2303,FOXC2,6,574,Chaise,6,6,0,0,0,0,0
Q-3VAC,4629,MYH11,6,575,SSR,6,0,0,0,0,0,0
Q-3VP8,4852,NPY,6,576,Dataset,6,6,0,0,0,0,0
Q-3W7W,5175,PECAM1,6,577,Chaise,6,0,6,0,0,0,0
Q-40KM,7857,SCG2,6,578,SSR,6,0,6,0,0,0,0
Q-4642,11426,Macf1,6,579,Dataset,6,6,0,0,0,0,0
Q-46B6,11624,Ahrr,6,580,Chaise,6,6,0,0,0,0,0
Q-46EY,11736,Ankfy1,6,581,SSR,6,6,0,0,0,0,0
Q-46GM,11770,Fabp4,6,582,Dataset,6,6,6,0,0,0,0
Q-46NG,11865,Arntl,6,583,Chaise,6,6,0,0,0,0,0
Q-46Q2,11909,Atf2,6,584,SSR,6,6,0,0,0,0,0
Q-46Q6,11911,Atf4,6,585,Dataset,6,6,0,0,0,0,0
Q-46T6,11997,Akr1b7,6,586,Chaise,6,6,0,6,0,0,6
Q-46ZC,12162,Bmp7,6,587,SSR,6,6,0,0,0,0,0
Q-471J,12235,Bub1,6,588,Dataset,6,6,0,0,0,0,0
Q-4728,12263,C2,6,589,Chaise,6,6,0,0,6,0,0
Q-4740,12298,Cacnb4,6,590,SSR,6,6,0,0,0,0,0
Q-478J,12394,Runx1,6,591,Dataset,6,6,0,0,0,0,0
Q-47NE,12722,Clca3a1,6,592,Chaise,6,6,0,0,0,0,0
Q-47SY,12818,Col14a1,6,593,SSR,6,6,0,0,0,0,0
Q-47TG,12828,Col4a3,6,594,Dataset,6,6,0,0,0,0,0
Q-47TY,12835,Col6a3,6,595,Chaise,6,6,0,0,0,0,0
Q-47XG,12903,Crabp1,6,596,SSR,6,6,0,0,0,0,0
Q-4812,12978,Csf1r,6,597,Dataset,6,6,0,0,0,0,0
Q-4828,13003,Vcan,6,598,Chaise,6,6,0,0,0,0,0
Q-48J2,13479,Dpep1,6,599,SSR,6,6,0,0,0,6,0
Q-48JA,13483,Dpp6,6,600,Dataset,6,6,0,0,0,0,0
Q-48MA,13527,Dtna,6,601,Chaise,6,6,0,0,0,0,0
Q-48QP,13643,Efnb3,6,602,SSR,6,6,0,0,0,0,0
Q-48SR,13711,Elf5,6,603,Dataset,6,6,0,0,0,0,0
Q-48TT,13798,En1,6,604,Chaise,6,6,0,0,0,0,0
Q-48YM,13876,Erg,6,605,SSR,6,6,0,0,0,0,0
Q-490A,14011,Etv6,6,606,Dataset,6,6,0,0,0,0,0
Q-4910,14030,Ewsr1,6,607,Chaise,6,6,0,0,0,0,0
Q-491P,14051,Eya4,6,608,SSR,6,6,0,0,0,0,0
Q-4930,14077,Fabp3,6,609,Dataset,6,6,0,0,0,0,0
Q-496C,14164,Fgf1,6,610,Chaise,6,6,0,0,0,0,0
Q-497P,14183,Fgfr2,6,611,SSR,6,6,0,0,0,0,0
Q-49DG,14339,Aktip,6,612,Dataset,6,6,0,0,0,0,0
Q-49R8,14633,Gli2,6,613,Chaise,6,6,0,0,0,0,0
Q-49RA,14634,Gli3,6,614,SSR,6,6,0,0,0,0,0
Q-49TR,14696,Gnb4,6,615,Dataset,6,6,0,0,0,0,0
Q-4A2G,14873,Gsto1,6,616,Chaise,6,6,0,0,0,0,0
Q-4A7W,15111,Hand2,6,617,SSR,6,6,0,0,0,0,0
Q-4AB8,15186,Hdc,6,618,Dataset,6,6,0,0,6,6,0
Q-4ACY,15227,Foxf1,6,619,Chaise,6,6,0,0,0,0,0
Q-4ADG,15245,Hhip,6,620,SSR,6,6,0,0,0,0,0
Q-4AJC,15416,Hoxb8,6,621,Dataset,6,6,0,0,0,0,0
Q-4AKE,15437,Hoxd8,6,622,Chaise,6,6,0,0,0,0,0
Q-4B6P,16371,Irx1,6,623,SSR,6,6,0,0,0,0,0
Q-4B6R,16372,Irx2,6,624,Dataset,6,6,0,0,0,0,0
Q-4BA4,16438,Itpr1,6,625,Chaise,6,6,0,0,0,0,0
Q-4BB6,16469,Jrk,6,626,SSR,6,6,0,0,0,0,0
Q-4BHE,16601,Klf9,6,627,Dataset,6,6,0,0,0,0,0
Q-4BVP,16873,Lhx5,6,628,Chaise,6,6,0,0,0,0,0
Q-4BX0,16911,Lmo4,6,629,SSR,6,6,0,0,0,0,0
Q-4BXP,16949,Loxl1,6,630,Dataset,6,6,0,0,0,0,0
Q-4BZC,16998,Ltbp3,6,631,Chaise,6,6,0,0,0,0,0
Q-4C2W,17131,Smad7,6,632,SSR,6,6,0,0,0,0,0
Q-4C40,17150,Mfap2,6,633,Dataset,6,6,0,0,0,0,0
Q-4C9A,17260,Mef2c,6,634,Chaise,6,6,0,0,0,0,0
Q-4CXJ,18007,Neo1,6,635,SSR,6,6,0,0,0,0,0
Q-4CXM,18008,Nes,6,636,Dataset,6,6,0,0,0,0,0
Q-4CYG,18023,Nfe2l1,6,637,Chaise,6,6,0,0,0,0,0
Q-4D02,18053,Ngfr,6,638,SSR,6,6,0,0,0,0,0
Q-4D0A,18072,Nhlh2,6,639,Dataset,6,6,0,0,0,0,0
Q-4D0T,18089,Nkx2-3,6,640,Chaise,6,6,0,0,0,0,0
Q-4D3E,18142,Npas1,6,641,SSR,6,6,0,0,0,0,0
Q-4D3G,18143,Npas2,6,642,Dataset,6,6,0,0,0,0,0
Q-4D4E,18167,Npy2r,6,643,Chaise,6,6,0,0,0,0,0
Q-4D50,18181,Nrf1,6,644,SSR,6,6,0,0,0,0,0
Q-4D5J,18193,Nsd1,6,645,Dataset,6,6,0,0,0,0,0
Q-4D68,18208,Ntn1,6,646,Chaise,6,6,0,0,0,0,0
Q-4D72,18227,Nr4a2,6,647,SSR,6,6,0,0,0,0,0
Q-4DDR,18423,Otx1,6,648,Dataset,6,6,0,0,0,0,0
Q-4DEJ,18451,P4ha1,6,649,Chaise,6,6,0,0,0,0,0
Q-4DG2,18505,Pax3,6,650,SSR,6,6,0,0,0,0,0
Q-4DKP,18596,Pdgfrb,6,651,Dataset,6,6,6,0,0,0,0
Q-4DN6,18627,Per2,6,652,Chaise,6,6,0,0,0,0,0
Q-4DPM,18667,Pgr,6,653,SSR,6,6,0,0,0,0,0
Q-4DYM,18935,Phox2b,6,654,Dataset,6,6,0,0,0,0,0
Q-4E0C,18987,Pou2f2,6,655,Chaise,6,6,0,0,0,0,0
Q-4E1C,19015,Ppard,6,656,SSR,6,6,0,0,0,0,0
Q-4EC8,19266,Ptprd,6,657,Dataset,6,6,0,0,0,0,0
Q-4ECM,19273,Ptpru,6,658,Chaise,6,6,0,0,0,0,0
Q-4ED2,19281,Ptprt,6,659,SSR,6,6,0,0,0,0,0
Q-4ED4,19283,Ptprz1,6,660,Dataset,6,6,0,0,0,0,0
Q-4F2R,19719,Rfng,6,661,Chaise,6,6,0,0,0,0,0
Q-4F7R,19885,Rorc,6,662,SSR,6,6,0,0,0,0,0
Q-4FCP,20181,Rxra,6,663,Dataset,6,6,0,0,0,0,0
Q-4FET,20220,Sap18,6,664,Chaise,6,6,0,0,0,0,0
Q-4FJ6,20301,Ccl27a,6,665,SSR,6,6,0,0,0,0,0
Q-4FK6,20319,Sfrp2,6,666,Dataset,6,6,0,0,0,0,0
Q-4G2E,20661,Sort1,6,667,Chaise,6,6,0,0,0,0,0
Q-4G2R,20666,Sox11,6,668,SSR,6,6,0,0,0,0,0
Q-4G6J,20733,Spint2,6,669,Dataset,6,6,0,0,0,0,0
Q-4G8G,20778,Scarb1,6,670,Chaise,6,6,0,0,0,0,0
Q-4GAG,20847,Stat2,6,671,SSR,6,6,0,0,0,0,0
Q-4GB2,20856,Stc2,6,672,Dataset,6,6,0,0,0,6,0
Q-4H4M,21349,Tal1,6,673,Chaise,6,6,0,0,0,0,0
Q-4H60,21384,Tbx15,6,674,SSR,6,6,0,0,0,0,0
Q-4H68,21388,Tbx5,6,675,Dataset,6,6,0,0,0,0,0
Q-4J58,22344,Vezf1,6,676,Chaise,6,6,0,0,0,0,0
Q-4JDE,22690,Zfp28,6,677,SSR,6,6,0,0,0,0,0
Q-4JDT,22697,Zscan21,6,678,Dataset,6,6,0,0,0,0,0
Q-4JER,22720,Zfp62,6,679,Chaise,6,6,0,0,0,0,0
Q-4JGG,22780,Ikzf3,6,680,SSR,6,6,0,0,0,0,0
Q-4NAA,26396,Map2k2,6,681,Dataset,6,6,0,0,0,0,0
Q-4P76,27140,Tlx3,6,682,Chaise,6,6,0,0,0,0,0
Q-4PA0,27205,Podxl,6,683,SSR,6,6,6,0,0,0,0
Q-4PA2,27206,Nrk,6,684,Dataset,6,6,0,0,0,0,0
Q-4PKC,27386,Npas3,6,685,Chaise,6,6,0,0,0,0,0
Q-4PMY,27411,Slc14a2,6,686,SSR,6,6,0,0,0,0,0
Q-4SA2,29812,Ndrg3,6,687,Dataset,6,6,0,0,0,0,0
Q-4T2T,50796,Dmrt1,6,688,Chaise,6,6,0,0,0,0,0
Q-4T6J,50907,Preb,6,689,SSR,6,6,0,0,0,0,0
Q-4VDC,51869,Rif1,6,690,Dataset,6,6,0,0,0,0,0
Q-50VE,56376,Pdlim5,6,691,Chaise,6,6,0,0,0,0,0
Q-50Z6,56459,Sae1,6,692,SSR,6,6,0,0,0,0,0
Q-5118,56506,Cib2,6,693,Dataset,6,6,0,0,0,0,0
Q-518T,56707,Zfp111,6,694,Chaise,6,6,0,0,0,0,0
Q-51C6,56805,Zbtb33,6,695,SSR,6,6,0,0,0,0,0
Q-51D8,56847,Aldh1a3,6,696,Dataset,6,6,0,0,0,0,0
Q-52YW,58230,Rnf8,6,697,Chaise,6,6,0,0,0,0,0
Q-537C,59027,Nampt,6,698,SSR,6,6,0,0,0,0,0
Q-59E8,66141,Ifitm3,6,699,Dataset,6,6,0,6,0,0,6
Q-59MC,66270,Retreg1,6,700,Chaise,6,6,0,0,0,0,0
Q-5A54,66643,Lix1,6,701,SSR,6,6,0,0,0,0,0
Q-5ACR,66825,Rnf186,6,702,Dataset,6,6,0,0,0,0,0
Q-5AGE,66902,Mtap,6,703,Chaise,6,6,0,0,0,0,0
Q-5BDJ,67547,Slc39a8,6,704,SSR,6,6,0,0,0,0,0
Q-5BE2,67603,Dusp6,6,705,Dataset,6,6,0,0,0,0,0
Q-5BMC,67701,Wfdc2,6,706,Chaise,6,6,0,0,0,0,0
Q-5BY8,67920,Mak16,6,707,SSR,6,6,0,0,0,0,0
Q-5CQY,68632,Myct1,6,708,Dataset,6,6,0,0,0,0,0
Q-5D04,68910,Zfp467,6,709,Chaise,6,6,0,0,0,0,0
Q-5DCE,69260,Ing2,6,710,SSR,6,6,0,0,0,0,0
Q-5F3G,70861,Akr1cl,6,711,Dataset,6,6,0,0,0,0,0
Q-5GPP,72135,Pygo1,6,712,Chaise,6,6,0,0,0,0,0
Q-5H42,72504,Taf4b,6,713,SSR,6,6,0,0,0,0,0
Q-5HB6,72739,Zkscan3,6,714,Dataset,6,6,0,0,0,0,0
Q-5K00,74123,Foxp4,6,715,Chaise,6,6,0,0,0,0,0
Q-5KFY,74463,Exoc3l2,6,716,SSR,6,6,0,0,0,0,0
Q-5KJ2,74504,Fam53a,6,717,Dataset,6,6,0,0,0,0,0
Q-5MR2,75424,Zfp820,6,718,Chaise,6,6,0,0,0,0,0
Q-5MVR,75507,Pou5f2,6,719,SSR,6,6,0,0,0,0,0
Q-5NTM,76365,Tbx18,6,720,Dataset,6,6,0,0,0,0,0
Q-5S1A,79263,Trim39,6,721,Chaise,6,6,0,0,0,0,0
Q-5SKA,79789,CLMN,6,722,SSR,6,6,0,0,0,0,0
Q-5V88,83395,Sp6,6,723,Dataset,6,6,0,0,0,0,0
Q-5VDG,83565,Pramel3,6,724,Chaise,6,6,0,0,0,0,0
Q-5YN2,93897,Fzd10,6,725,SSR,6,6,0,0,0,0,0
Q-5YQY,93960,Nkd1,6,726,Dataset,6,6,0,0,0,0,0
Q-5YW4,94088,Trim6,6,727,Chaise,6,6,0,0,0,0,0
Q-5YWA,94091,Trim11,6,728,SSR,6,6,0,0,0,0,0
Q-608T,99377,Sall4,6,729,Dataset,6,6,0,0,0,0,0
Q-60NY,100737,Dcun1d4,6,730,Chaise,6,6,0,0,0,0,0
Q-62HW,105734,Tigd5,6,731,SSR,6,6,0,0,0,0,0
Q-636R,107503,Atf5,6,732,Dataset,6,6,0,0,0,0,0
Q-64R8,108907,Nusap1,6,733,Chaise,6,6,0,0,0,0,0
Q-66JY,110454,Ly6a,6,734,SSR,6,6,0,0,0,0,0
Q-6A6G,114249,Npnt,6,735,Dataset,6,6,0,0,0,0,0
Q-6AFW,114606,Tle6,6,736,Chaise,6,6,0,0,0,0,0
Q-6GFP,170763,Zfp87,6,737,SSR,6,6,0,0,0,0,0
Q-6KTC,217847,Serpina10,6,738,Dataset,6,6,0,0,0,6,0
Q-6KV4,217946,Cdca7l,6,739,Chaise,6,6,0,0,0,0,0
Q-6N68,225998,Rorb,6,740,SSR,6,6,0,0,0,0,0
Q-6N88,226251,Ablim1,6,741,Dataset,6,6,0,0,0,0,0
Q-6NMR,228139,P2rx3,6,742,Chaise,6,6,0,0,0,0,0
Q-6NQ8,228731,Nkx2-4,6,743,SSR,6,6,0,0,0,0,0
Q-6P8C,230936,Phf13,6,744,Dataset,6,6,0,0,0,0,0
Q-6PF2,231832,Tmem184a,6,745,Chaise,6,6,0,0,0,0,0
Q-6QNJ,237758,Zfp454,6,746,SSR,6,6,0,0,0,0,0
Q-6RAJ,241230,St8sia6,6,747,Dataset,6,6,0,0,0,0,0
Q-6S8E,245880,Wasf3,6,748,Chaise,6,6,0,0,0,0,0
Q-6WY4,268448,Phf12,6,749,SSR,6,6,0,0,0,0,0
Q-6XG4,272347,Zfp398,6,750,Dataset,6,6,0,0,0,0,0
Q-712R,320522,Bhlha9,6,751,Chaise,6,6,0,0,0,0,0
Q-7156,320590,Svopl,6,752,SSR,6,6,0,0,0,0,0
Q-731P,338352,Nell1,6,753,Dataset,6,6,0,0,0,0,0
Q-74JP,353189,SLCO4C1,6,754,Chaise,6,6,0,0,0,0,0
Q-75YW,380928,Lmo7,6,755,SSR,6,6,0,0,0,0,0
Q-765M,381413,Gpr176,6,756,Dataset,6,6,0,0,0,0,0
Q-79Z8,399593,8030497I03Rik,6,757,Chaise,6,6,0,0,0,0,0
Q-82YM,100034361,Mfap1b,6,758,SSR,6,6,0,0,0,0,0
Q-3X4R,5972,REN,5,759,Dataset,5,5,0,0,0,0,0
Q-3Y6A,6338,SCNN1B,5,760,Chaise,5,5,0,0,0,0,0
Q-3ZYC,7345,UCHL1,5,761,SSR,5,0,0,0,0,0,0
Q-4058,7477,WNT7B,5,762,Dataset,5,5,0,0,0,0,0
Q-44YR,10637,LEFTY1,5,763,Chaise,5,5,0,0,0,0,0
Q-46AJ,11606,Agt,5,764,SSR,5,5,0,0,0,0,0
Q-46TR,12014,Bach2,5,765,Dataset,5,5,0,0,0,0,0
Q-46XY,12111,Bgn,5,766,Chaise,5,5,0,0,0,0,0
Q-475J,12330,Canx,5,767,SSR,5,5,0,0,0,0,0
Q-47AG,12448,Ccne2,5,768,Dataset,5,5,0,0,0,0,0
Q-47K0,12647,Chat,5,769,Chaise,5,5,0,5,0,0,0
Q-47TE,12827,Col4a2,5,770,SSR,5,5,0,0,0,0,0
Q-47TM,12830,Col4a5,5,771,Dataset,5,5,0,0,0,0,0
Q-487P,13121,Cyp51,5,772,Chaise,5,5,0,0,0,0,0
Q-488C,13138,Dag1,5,773,SSR,5,5,0,0,0,0,0
Q-48G6,13426,Dync1i1,5,774,Dataset,5,5,0,0,0,0,0
Q-48M8,13526,Adam24,5,775,Chaise,5,5,0,0,0,0,0
Q-48VP,13819,Epas1,5,776,SSR,5,5,0,0,0,0,0
Q-48ZG,13992,Khdrbs3,5,777,Dataset,5,5,0,0,0,0,0
Q-4AK2,15431,Hoxd11,5,778,Chaise,5,5,0,0,0,0,0
Q-4AT0,15925,Ide,5,779,SSR,5,5,0,0,0,0,0
Q-4B96,16421,Itgb7,5,780,Dataset,5,5,0,0,0,0,0
Q-4BDM,16523,Kcnj8,5,781,Chaise,5,5,0,0,0,0,0
Q-4BMM,16664,Krt14,5,782,SSR,5,5,5,0,0,0,0
Q-4BQJ,16765,Stmn1,5,783,Dataset,5,5,0,0,0,0,0
Q-4BY0,16969,Zbtb7a,5,784,Chaise,5,5,0,0,0,0,0
Q-4C5E,17180,Matn1,5,785,SSR,5,5,0,0,0,0,0
Q-4C5G,17181,Matn2,5,786,Dataset,5,5,0,0,0,0,0
Q-4CQJ,17865,Mybl2,5,787,Chaise,5,5,0,0,0,0,0
Q-4CWE,17979,Ncoa3,5,788,SSR,5,5,0,0,0,0,0
Q-4DPA,18648,Pgam1,5,789,Dataset,5,5,0,0,0,0,0
Q-4E4W,19122,Prnp,5,790,Chaise,5,5,0,0,0,0,0
Q-4E82,19181,Psmc2,5,791,SSR,5,5,0,0,0,0,0
Q-4E9Y,19219,Ptger4,5,792,Dataset,5,5,0,0,0,0,0
Q-4EB0,19244,Ptp4a2,5,793,Chaise,5,5,0,0,0,0,0
Q-4EDE,19289,Igdcc3,5,794,SSR,5,5,0,0,0,0,0
Q-4EGE,19359,Rad23b,5,795,Dataset,5,5,0,0,0,0,0
Q-4F2J,19714,Rev3l,5,796,Chaise,5,5,0,0,0,0,0
Q-4F30,19726,Rfx3,5,797,SSR,5,5,0,0,0,0,0
Q-4FDP,20198,S100a4,5,798,Dataset,5,0,5,0,0,0,0
Q-4FXG,20527,Slc2a3,5,799,Chaise,5,5,0,0,0,0,0
Q-4H66,21387,Tbx4,5,800,SSR,5,5,0,0,0,0,0
Q-4HBW,21677,Tead2,5,801,Dataset,5,5,0,0,0,0,0
Q-4HC0,21679,Tead4,5,802,Chaise,5,5,0,0,0,0,0
Q-4HHR,21858,Timp2,5,803,SSR,5,5,0,0,0,0,0
Q-4HKT,21923,Tnc,5,804,Dataset,5,5,0,0,0,0,0
Q-4HPA,21974,Top2b,5,805,Chaise,5,5,0,0,0,0,0
Q-4J2C,22284,Usp9x,5,806,SSR,5,5,0,0,0,0,0
Q-4J9C,22433,Xbp1,5,807,Dataset,5,5,0,0,0,0,0
Q-4MBW,24051,Sgcb,5,808,Chaise,5,5,0,0,0,0,0
Q-4P2T,27047,Omd,5,809,SSR,5,5,0,0,0,0,0
Q-4QHA,28000,Prpf19,5,810,Dataset,5,5,0,0,0,0,0
Q-4QJ8,28035,Usp39,5,811,Chaise,5,5,0,0,0,0,0
Q-4SDE,29877,Hdgfl3,5,812,SSR,5,5,0,0,0,0,0
Q-4VB2,51796,Srrm1,5,813,Dataset,5,5,0,0,0,0,0
Q-4W48,52502,Carhsp1,5,814,Chaise,5,5,0,0,0,0,0
Q-4X3J,53614,Reck,5,815,SSR,5,5,0,0,0,0,0
Q-4XFY,53885,Nphp1,5,816,Dataset,5,5,0,0,0,0,0
Q-4XRC,54135,Lsr,5,817,Chaise,5,5,0,0,0,0,0
Q-4XYW,54401,Ywhab,5,818,SSR,5,5,0,0,0,0,0
Q-50JC,56200,Ddx21,5,819,Dataset,5,5,0,0,0,0,0
Q-50XP,56428,Mtch2,5,820,Chaise,5,5,0,0,0,0,0
Q-519G,56726,Sh3bgrl,5,821,SSR,5,5,0,0,0,0,0
Q-523W,57394,Tmem27,5,822,Dataset,5,5,0,0,0,0,0
Q-52X0,58186,Rad18,5,823,Chaise,5,5,0,0,0,0,0
Q-535Y,59001,Pole3,5,824,SSR,5,5,0,0,0,0,0
Q-5860,63940,GPSM3,5,825,Dataset,5,5,0,0,0,0,0
Q-59EG,66146,Tmem57,5,826,Chaise,5,5,0,0,0,0,0
Q-5A2Y,66596,Gtf3a,5,827,SSR,5,5,0,0,0,0,0
Q-5A76,66695,Aspn,5,828,Dataset,5,5,0,0,0,0,0
Q-5A9A,66743,Rnf220,5,829,Chaise,5,5,0,0,0,0,0
Q-5AEM,66865,Pmpca,5,830,SSR,5,5,0,0,0,0,0
Q-5AFG,66881,Pcyox1,5,831,Dataset,5,5,0,0,0,0,0
Q-5ANA,67015,Ccdc91,5,832,Chaise,5,5,0,0,0,0,0
Q-5APR,67045,Riok2,5,833,SSR,5,5,0,0,0,0,0
Q-5AQ6,67054,Paics,5,834,Dataset,5,5,0,0,0,0,0
Q-5BNY,67731,Fbxo32,5,835,Chaise,5,5,0,0,0,0,0
Q-5BQ8,67755,Ddx47,5,836,SSR,5,5,0,0,0,0,0
Q-5BS4,67803,Limd2,5,837,Dataset,5,5,0,0,0,0,0
Q-5BSE,67811,Poldip2,5,838,Chaise,5,5,0,0,0,0,0
Q-5C2Y,68031,Rnf146,5,839,SSR,5,5,0,0,0,0,0
Q-5CPP,68588,Cthrc1,5,840,Dataset,5,5,0,0,0,0,0
Q-5CVA,68738,Acss1,5,841,Chaise,5,5,0,0,0,0,0
Q-5D9W,69183,C1qtnf2,5,842,SSR,5,5,0,0,0,0,0
Q-5E28,69823,Fyttd1,5,843,Dataset,5,5,0,0,0,0,0
Q-5GA2,71834,Zbtb43,5,844,Chaise,5,5,0,0,0,0,0
Q-5GBJ,71865,Fbxo30,5,845,SSR,5,5,0,0,0,0,0
Q-5J1Y,73398,Nipsnap3a,5,846,Dataset,5,5,0,0,0,0,0
Q-5NY2,76477,Pcolce2,5,847,Chaise,5,5,0,0,0,0,0
Q-5P6T,76740,Efr3a,5,848,SSR,5,5,0,0,0,0,0
Q-5TKP,80985,Trim44,5,849,Dataset,5,5,0,0,0,0,0
Q-605T,98985,Clp1,5,850,Chaise,5,5,0,0,0,0,0
Q-6216,104303,Arl1,5,851,SSR,5,5,0,0,0,0,0
Q-6394,107566,Arl2bp,5,852,Dataset,5,5,0,0,0,0,0
Q-64Q4,108816,4933409K07Rik,5,853,Chaise,5,5,0,0,0,0,0
Q-64XM,109272,Mybpc1,5,854,SSR,5,5,0,0,0,0,0
Q-66PG,110521,Hivep1,5,855,Dataset,5,5,0,0,0,0,0
Q-66VC,110611,Hdlbp,5,856,Chaise,5,5,0,0,0,0,0
Q-672T,110784,Nr3c2,5,857,SSR,5,5,0,0,0,0,0
Q-6B46,116496,FAM129A,5,858,Dataset,5,5,0,0,0,0,0
Q-6J08,207742,Rnf43,5,859,Chaise,5,5,0,0,0,0,0
Q-6JYC,213742,Xist,5,860,SSR,5,5,0,0,0,0,0
Q-6KFP,216760,Mfap3,5,861,Dataset,5,5,0,0,0,0,0
Q-6SDY,246179,Fktn,5,862,Chaise,5,5,0,0,0,0,0
Q-702M,319655,Podxl2,5,863,SSR,5,5,0,0,0,0,0
Q-70EM,319996,Casc4,5,864,Dataset,5,5,0,0,0,0,0
Q-71HG,320910,Itgb8,5,865,Chaise,5,5,0,0,0,0,0
Q-72E8,329941,Col8a2,5,866,SSR,5,5,0,0,0,0,0
Q-7H00,544963,Iqgap2,5,867,Dataset,5,5,0,0,0,0,0
Q-871E,100038651,D130062J21Rik,5,868,Chaise,5,5,0,0,0,0,0
Q-3KXE,58,ACTA1,4,869,SSR,4,4,0,0,0,0,0
Q-3N8J,857,CAV1,4,870,Dataset,0,0,4,0,0,0,0
Q-3NE2,957,ENTPD5,4,871,Chaise,4,4,0,0,0,0,0
Q-3NZ0,1277,COL1A1,4,872,SSR,4,4,4,0,0,0,0
Q-3PK0,1636,ACE,4,873,Dataset,4,4,0,0,0,0,0
Q-3PNA,1674,DES,4,874,Chaise,4,0,4,0,0,0,0
Q-3QE2,2167,FABP4,4,875,SSR,4,0,4,0,0,0,0
Q-3R84,2676,GFRA3,4,876,Dataset,4,0,0,0,0,0,0
Q-3S86,3237,HOXD11,4,877,Chaise,4,4,0,0,0,0,0
Q-3TBT,3936,LCP1,4,878,SSR,0,0,4,0,0,0,0
Q-3TGA,4036,LRP2,4,879,Dataset,4,4,4,0,0,0,0
Q-3VGY,4741,NEFM,4,880,Chaise,4,0,0,0,0,0,0
Q-3VS6,4907,NT5E,4,881,SSR,0,0,4,0,0,0,0
Q-3W7Y,5176,SERPINF1,4,882,Dataset,4,4,0,0,0,0,0
Q-3WMJ,5420,PODXL,4,883,Chaise,4,4,4,0,0,0,0
Q-3Y2C,6271,S100A1,4,884,SSR,4,0,0,0,0,0,0
Q-3YQJ,6652,SORD,4,885,Dataset,4,4,0,0,0,0,0
Q-3Z3M,6863,TAC1,4,886,Chaise,4,0,0,0,0,0,0
Q-3ZDW,7054,TH,4,887,SSR,4,0,0,0,0,0,0
Q-405G,7481,WNT11,4,888,Dataset,4,4,0,0,0,0,0
Q-405R,7484,WNT9B,4,889,Chaise,4,4,0,0,0,0,0
Q-42QR,9356,SLC22A6,4,890,SSR,4,4,0,0,0,0,0
Q-466J,11489,Adam12,4,891,Dataset,4,4,0,0,0,0,0
Q-468E,11538,Adnp,4,892,Chaise,4,4,0,0,0,0,0
Q-469W,11576,Afp,4,893,SSR,4,4,0,0,0,0,0
Q-46BG,11632,Aip,4,894,Dataset,4,4,0,0,0,0,0
Q-46NJ,11867,Arpc1b,4,895,Chaise,4,4,0,0,0,0,0
Q-46RM,11951,Atp5g1,4,896,SSR,4,4,0,0,0,0,0
Q-46T4,11994,Pcdh15,4,897,Dataset,4,4,0,0,0,0,0
Q-46Z2,12155,Bmp15,4,898,Chaise,4,4,0,0,0,0,0
Q-4704,12181,Bop1,4,899,SSR,4,4,0,0,0,0,0
Q-472J,12268,C4b,4,900,Dataset,4,4,0,0,0,0,0
Q-475P,12332,Capg,4,901,Chaise,4,4,0,0,0,4,0
Q-4784,12387,Ctnnb1,4,902,SSR,4,4,0,0,0,0,0
Q-478G,12393,Runx2,4,903,Dataset,4,4,0,0,0,0,0
Q-478W,12399,Runx3,4,904,Chaise,4,4,0,0,0,0,0
Q-47E4,12522,Cd83,4,905,SSR,4,4,0,0,0,0,0
Q-47EW,12540,Cdc42,4,906,Dataset,4,4,0,0,0,0,0
Q-47GE,12575,Cdkn1a,4,907,Chaise,4,4,0,0,0,0,0
Q-47H8,12590,Cdx1,4,908,SSR,4,4,0,0,0,0,0
Q-47P2,12738,Cldn2,4,909,Dataset,4,4,0,0,0,0,0
Q-47R0,12778,Ackr3,4,910,Chaise,4,4,0,0,0,0,0
Q-47V6,12840,Col9a2,4,911,SSR,4,4,0,0,0,0,0
Q-47WT,12877,Cpeb1,4,912,Dataset,4,4,0,0,0,0,0
Q-4846,13048,Cux2,4,913,Chaise,4,4,0,0,0,0,0
Q-485G,13078,Cyp1b1,4,914,SSR,4,4,0,0,0,0,0
Q-4878,13115,Cyp27b1,4,915,Dataset,4,4,0,0,0,0,0
Q-4898,13172,Dbx1,4,916,Chaise,4,4,0,0,0,0,0
Q-489M,13180,Pcbd1,4,917,SSR,4,4,0,0,0,0,0
Q-489Y,13193,Dcx,4,918,Dataset,4,4,0,0,0,0,0
Q-48AG,13202,Ddt,4,919,Chaise,4,4,0,0,0,0,0
Q-48NR,13599,Ecel1,4,920,SSR,4,4,0,0,0,0,0
Q-48SM,13709,Elf1,4,921,Dataset,4,4,0,0,0,0,0
Q-48SW,13713,Elk3,4,922,Chaise,4,4,0,0,0,0,0
Q-48V2,13803,Enc1,4,923,SSR,4,4,0,0,0,0,0
Q-48VJ,13813,Eomes,4,924,Dataset,4,4,0,0,0,0,0
Q-4966,14160,Lgr5,4,925,Chaise,4,4,0,0,0,0,0
Q-4974,14175,Fgf4,4,926,SSR,4,4,0,0,0,0,0
Q-4978,14177,Fgf6,4,927,Dataset,4,4,0,0,0,0,0
Q-49AA,14247,Fli1,4,928,Chaise,4,4,0,0,0,0,0
Q-49EE,14366,Fzd4,4,929,SSR,4,4,0,0,0,0,0
Q-49ET,14371,Fzd9,4,930,Dataset,4,4,0,0,0,0,0
Q-49HP,14432,Gap43,4,931,Chaise,4,4,0,0,0,0,0
Q-49M8,14545,Gdap1,4,932,SSR,4,4,0,0,0,0,0
Q-49SR,14842,Gsx1,4,933,Dataset,4,4,0,0,0,0,0
Q-4A1J,14857,Gsta1,4,934,Chaise,4,4,0,0,0,0,0
Q-4AB0,15182,Hdac2,4,935,SSR,4,4,0,0,0,0,0
Q-4ABA,15191,Hdgf,4,936,Dataset,4,4,0,0,0,0,0
Q-4ADM,15248,Hic1,4,937,Chaise,4,4,0,0,0,0,0
Q-4AEM,15284,Hlx,4,938,SSR,4,4,0,0,0,0,0
Q-4AFC,15312,Hmgn1,4,939,Dataset,4,4,0,0,0,0,0
Q-4AHA,15396,Hoxa11,4,940,Chaise,4,4,0,0,0,0,0
Q-4AHR,15404,Hoxa7,4,941,SSR,4,4,0,0,0,0,0
Q-4AJ8,15414,Hoxb6,4,942,Dataset,4,4,0,0,0,0,0
Q-4AJW,15427,Hoxc9,4,943,Chaise,4,4,0,0,0,0,0
Q-4AN2,15478,Hs3st3a1,4,944,SSR,4,4,0,0,0,0,0
Q-4BG4,16574,Kif5c,4,945,Dataset,4,4,0,0,0,0,0
Q-4BHC,16600,Klf4,4,946,Chaise,4,4,0,0,0,0,0
Q-4BSR,16825,Ldb1,4,947,SSR,4,4,0,0,0,0,0
Q-4BTR,16906,Lmnb1,4,948,Dataset,4,4,0,0,0,0,0
Q-4BVG,16870,Lhx2,4,949,Chaise,4,4,0,0,0,0,0
Q-4BX6,16917,Lmx1b,4,950,SSR,4,4,0,0,0,0,0
Q-4C2R,17129,Smad5,4,951,Dataset,4,4,0,0,0,0,0
Q-4C5T,17187,Max,4,952,Chaise,4,4,0,0,0,0,0
Q-4CAC,17294,Mest,4,953,SSR,4,4,0,0,0,0,0
Q-4CAM,17300,Foxc1,4,954,Dataset,4,4,0,0,0,0,0
Q-4CBW,17345,Mki67,4,955,Chaise,4,4,0,0,0,0,0
Q-4CE2,17436,Me1,4,956,SSR,4,4,0,0,0,0,0
Q-4CME,17755,Map1b,4,957,Dataset,4,4,0,0,0,0,0
Q-4CMY,17765,Mtf2,4,958,Chaise,4,4,0,0,0,0,0
Q-4CQE,17863,Myb,4,959,SSR,4,4,0,0,0,0,0
Q-4CSA,17909,Myo10,4,960,Dataset,4,4,0,0,0,0,0
Q-4CVE,17957,Napb,4,961,Chaise,4,4,0,0,0,0,0
Q-4CY0,18014,Neurog1,4,962,SSR,4,4,0,0,0,0,0
Q-4CYC,18021,Nfatc3,4,963,Dataset,4,4,0,0,0,0,0
Q-4CZ4,18034,Nfkb2,4,964,Chaise,4,4,0,0,0,0,0
Q-4DEM,18452,P4ha2,4,965,SSR,4,4,0,0,0,0,0
Q-4DPY,18674,Slc25a3,4,966,Dataset,4,4,0,0,0,0,0
Q-4DS6,18740,Pitx1,4,967,Chaise,4,4,0,0,0,0,0
Q-4DWA,18796,Plcb2,4,968,SSR,4,4,0,0,0,0,0
Q-4DXR,18826,Lcp1,4,969,Dataset,0,0,4,0,0,0,0
Q-4DY2,18844,Plxna1,4,970,Chaise,4,4,0,0,0,0,0
Q-4DY4,18845,Plxna2,4,971,SSR,4,4,0,0,0,0,0
Q-4E12,19009,Pou6f1,4,972,Dataset,4,4,0,0,0,0,0
Q-4E8G,19192,Psme3,4,973,Chaise,4,4,0,0,0,0,0
Q-4EA0,19220,Ptgfr,4,974,SSR,4,4,0,0,0,0,0
Q-4EC4,19264,Ptprc,4,975,Dataset,4,0,4,0,0,0,0
Q-4EG2,19353,Rac1,4,976,Chaise,4,4,0,0,0,0,0
Q-4F2W,19724,Rfx1,4,977,SSR,4,4,0,0,0,0,0
Q-4F42,19763,Ring1,4,978,Dataset,4,4,0,0,0,0,0
Q-4F7P,19883,Rora,4,979,Chaise,4,4,0,0,0,0,0
Q-4FCR,20182,Rxrb,4,980,SSR,4,4,0,0,0,0,0
Q-4FDT,20200,S100a6,4,981,Dataset,4,4,0,0,0,0,0
Q-4FEW,20222,Sf3a2,4,982,Chaise,4,4,0,0,0,0,0
Q-4FN6,20358,Sema6a,4,983,SSR,4,4,0,0,0,0,0
Q-4FTM,20473,Six3,4,984,Dataset,4,4,0,0,0,0,0
Q-4FZ0,20585,Hltf,4,985,Chaise,4,4,0,0,0,0,0
Q-4FZ2,20586,Smarca4,4,986,SSR,4,4,0,0,0,0,0
Q-4G1J,20637,Snrnp70,4,987,Dataset,4,4,0,0,0,0,0
Q-4G2T,20667,Sox12,4,988,Chaise,4,4,0,0,0,0,0
Q-4G3W,20684,Sp100,4,989,SSR,4,4,0,0,0,0,0
Q-4G48,20689,Sall3,4,990,Dataset,4,4,0,0,0,0,0
Q-4G5Y,20720,Serpine2,4,991,Chaise,4,4,0,0,0,0,0
Q-4G62,20724,Serpinb5,4,992,SSR,4,4,0,0,0,0,0
Q-4G8T,20788,Srebf2,4,993,Dataset,4,4,0,0,0,0,0
Q-4G9Y,20834,Znrf4,4,994,Chaise,4,4,0,0,0,0,0
Q-4GEW,20965,Syn2,4,995,SSR,4,4,0,0,0,0,0
Q-4H40,21335,Tacc3,4,996,Dataset,4,4,0,0,0,0,0
Q-4H6W,21406,Tcf12,4,997,Chaise,4,4,0,0,0,0,0
Q-4HD6,21753,Tes,4,998,SSR,4,4,0,0,0,0,0
Q-4HR4,22032,Traf4,4,999,Dataset,4,4,0,0,0,0,0
Q-4HRC,22036,Traip,4,1000,Chaise,4,4,0,0,0,0,0
Q-4HV0,22113,Phlda2,4,1001,SSR,4,4,0,0,0,0,0
Q-4J46,22324,Vav1,4,1002,Dataset,4,4,0,0,0,0,0
Q-4JC0,22640,Zfp1,4,1003,Chaise,4,4,0,0,0,0,0
Q-4JC6,22644,Rnf103,4,1004,SSR,4,4,0,0,0,0,0
Q-4JCM,22661,Zfp148,4,1005,Dataset,4,4,0,0,0,0,0
Q-4JD0,22678,Zfp2,4,1006,Chaise,4,4,0,0,0,0,0
Q-4JDY,22700,Zfp40,4,1007,SSR,4,4,0,0,0,0,0
Q-4JFW,22768,Zfy2,4,1008,Dataset,4,4,0,0,0,0,0
Q-4JGC,22778,Ikzf1,4,1009,Chaise,4,4,0,0,0,0,0
Q-4M4P,23844,Clca1,4,1010,SSR,4,4,0,0,0,0,0
Q-4M5M,23874,Farsb,4,1011,Dataset,4,4,0,0,0,0,0
Q-4M6A,23888,Gpc6,4,1012,Chaise,4,4,0,0,0,0,0
Q-4MCM,24064,Spry2,4,1013,SSR,4,4,0,0,0,0,0
Q-4N94,26371,Ciao1,4,1014,Dataset,4,4,0,0,0,0,0
Q-4NAW,26405,Map3k2,4,1015,Chaise,4,4,0,0,0,0,0
Q-4NB0,26407,Map3k4,4,1016,SSR,4,4,0,0,0,0,0
Q-4SCM,29861,Dpf1,4,1017,Dataset,4,4,0,0,0,0,0
Q-4SMW,30058,Timm8a1,4,1018,Chaise,4,4,0,0,0,0,0
Q-4ST0,30939,Pttg1,4,1019,SSR,4,4,0,0,0,0,0
Q-4STA,30944,Zfp354c,4,1020,Dataset,4,4,0,0,0,0,0
Q-4STE,30946,Abt1,4,1021,Chaise,4,4,0,0,0,0,0
Q-4T12,50766,Crim1,4,1022,SSR,4,4,0,4,0,0,4
Q-4T30,50799,Slc25a13,4,1023,Dataset,4,4,0,0,0,0,0
Q-4T6Y,50914,Olig1,4,1024,Chaise,4,4,0,0,0,0,0
Q-4W2Y,52468,Ctdsp2,4,1025,SSR,4,4,0,0,0,0,0
Q-4WHA,52822,Rufy3,4,1026,Dataset,4,4,0,0,0,0,0
Q-4X46,53624,Cldn7,4,1027,Chaise,4,4,0,0,0,0,0
Q-4XF8,53872,Caprin1,4,1028,SSR,4,4,0,0,0,0,0
Q-4XSC,54156,Egfl6,4,1029,Dataset,4,4,0,0,0,0,0
Q-4XTP,54201,Zfp316,4,1030,Chaise,4,4,0,0,0,0,0
Q-4YA0,54630,Prickle3,4,1031,SSR,4,4,0,0,0,0,0
Q-4YA2,54631,Nphs1,4,1032,Dataset,4,4,4,0,0,0,0
Q-508W,55994,Smad9,4,1033,Chaise,4,4,0,0,0,0,0
Q-50K4,56213,Htra1,4,1034,SSR,4,4,0,0,0,0,0
Q-50ZM,56469,Pias1,4,1035,Dataset,4,4,0,0,0,0,0
Q-511J,56516,Rbms2,4,1036,Chaise,4,4,0,0,0,0,0
Q-5180,56693,Crtap,4,1037,SSR,4,4,0,0,0,0,0
Q-5192,56711,Plag1,4,1038,Dataset,4,4,0,0,0,0,0
Q-519W,56736,Rnf14,4,1039,Chaise,4,4,0,0,0,0,0
Q-51CA,56808,Cacna2d2,4,1040,SSR,4,4,0,0,0,0,0
Q-523C,57376,Smarce1,4,1041,Dataset,4,4,0,0,0,0,0
Q-52TW,57890,Il17re,4,1042,Chaise,4,4,0,0,0,0,0
Q-532M,58522,Trim54,4,1043,SSR,4,4,0,0,0,0,0
Q-533W,58801,Pmaip1,4,1044,Dataset,4,4,0,0,0,0,0
Q-534C,58859,Efemp2,4,1045,Chaise,4,4,0,0,0,0,0
Q-5350,58887,Repin1,4,1046,SSR,4,4,0,0,0,0,0
Q-536G,59009,Sh3rf1,4,1047,Dataset,4,4,0,0,0,0,0
Q-536P,59012,Moxd1,4,1048,Chaise,4,4,0,0,0,0,0
Q-5374,59022,Edf1,4,1049,SSR,4,4,0,0,0,0,0
Q-58QA,64656,Mrps23,4,1050,Dataset,4,4,0,0,0,0,0
Q-594A,65217,PCDH15,4,1051,Chaise,4,4,0,0,0,0,0
Q-59A8,66056,Zfp524,4,1052,SSR,4,4,0,0,0,0,0
Q-59EM,66148,Dnajc15,4,1053,Dataset,4,4,0,0,0,0,0
Q-59F0,66156,Anapc11,4,1054,Chaise,4,4,0,0,0,0,0
Q-59RA,66354,Snw1,4,1055,SSR,4,4,0,0,0,0,0
Q-59TW,66403,Asf1a,4,1056,Dataset,4,4,0,0,0,0,0
Q-59XY,66468,Ska1,4,1057,Chaise,4,4,0,0,0,0,0
Q-5A56,66645,Pspc1,4,1058,SSR,4,4,0,0,0,0,0
Q-5AHT,66935,Cir1,4,1059,Dataset,4,4,0,0,0,0,0
Q-5AKM,66977,Nuf2,4,1060,Chaise,4,4,0,0,0,0,0
Q-5AQY,67071,Rps6ka6,4,1061,SSR,4,4,0,0,0,0,0
Q-5B06,67255,Zfp422,4,1062,Dataset,4,4,0,0,0,0,0
Q-5B22,67295,Rab3c,4,1063,Chaise,4,4,0,0,0,0,0
Q-5B62,67382,Brd3,4,1064,SSR,4,4,0,0,0,0,0
Q-5BK6,67673,Elob,4,1065,Dataset,4,4,0,0,0,0,0
Q-5BW6,67874,Rprm,4,1066,Chaise,4,4,0,0,0,0,0
Q-5C5C,68092,Ncbp2,4,1067,SSR,4,4,0,0,0,0,0
Q-5C7Y,68169,Ndnf,4,1068,Dataset,4,4,0,0,0,0,0
Q-5CY8,68836,Mrpl52,4,1069,Chaise,4,4,0,0,0,0,0
Q-5D26,68964,Ctc1,4,1070,SSR,4,4,0,0,0,0,0
Q-5D3R,69009,Thap7,4,1071,Dataset,4,4,0,0,0,0,0
Q-5E18,69804,Tmem147,4,1072,Chaise,4,4,0,0,0,0,0
Q-5E3W,69875,Ndufa11,4,1073,SSR,4,4,0,0,0,0,0
Q-5E68,69942,Rnf113a1,4,1074,Dataset,4,4,0,0,0,0,0
Q-5EAW,70083,Metrn,4,1075,Chaise,4,4,0,0,0,0,0
Q-5ENP,70432,Rufy2,4,1076,SSR,4,4,0,0,0,0,0
Q-5F4W,70885,Ints10,4,1077,Dataset,4,4,0,0,0,0,0
Q-5FCA,71069,Stox2,4,1078,Chaise,4,4,0,0,0,0,0
Q-5FKP,71241,Dmrtc2,4,1079,SSR,4,4,0,0,0,0,0
Q-5G7M,71777,Ing3,4,1080,Dataset,4,4,0,0,0,0,0
Q-5G9W,71831,Iqcm,4,1081,Chaise,4,4,0,0,0,0,0
Q-5H88,72634,Tdrkh,4,1082,SSR,4,4,0,0,0,0,0
Q-5HFT,72899,Macrod2,4,1083,Dataset,4,4,0,0,0,0,0
Q-5HX4,73296,Rhobtb3,4,1084,Chaise,4,4,0,0,0,0,0
Q-5J98,73569,Vgll3,4,1085,SSR,4,4,0,0,0,0,0
Q-5KHT,74499,Sost,4,1086,Dataset,4,4,0,0,0,0,0
Q-5KRJ,74666,4930432K21Rik,4,1087,Chaise,4,4,0,0,0,0,0
Q-5KW0,74735,Trim14,4,1088,SSR,4,4,0,0,0,0,0
Q-5M6P,75036,4930488B01Rik,4,1089,Dataset,4,4,0,0,0,0,0
Q-5MCW,75178,Meiob,4,1090,Chaise,4,4,0,0,0,0,0
Q-5MM2,75329,Atf7ip2,4,1091,SSR,4,4,0,0,0,0,0
Q-5P52,76686,Clip3,4,1092,Dataset,4,4,0,0,0,0,0
Q-5PAW,76863,Dcun1d5,4,1093,Chaise,4,4,0,0,0,0,0
Q-5RKE,78871,B230117O15Rik,4,1094,SSR,4,4,0,0,0,0,0
Q-5RN2,78911,Trim42,4,1095,Dataset,4,4,0,0,0,0,0
Q-5T2Y,80168,MOGAT2,4,1096,Chaise,4,4,0,0,0,0,0
Q-5TEY,80794,Cblc,4,1097,SSR,4,4,0,0,0,0,0
Q-5THJ,80883,Ntng1,4,1098,Dataset,4,4,0,0,0,0,0
Q-5TJY,80911,Acox3,4,1099,Chaise,4,4,0,0,0,0,0
Q-5TKA,80976,Syt13,4,1100,SSR,4,4,0,0,0,0,0
Q-5VBM,83492,Gsdmc,4,1101,Dataset,4,4,0,0,0,0,0
Q-5Y4Y,92196,DAPL1,4,1102,Chaise,4,4,0,0,0,0,0
Q-5YHE,93760,Arid1a,4,1103,SSR,4,4,0,0,0,0,0
Q-5YTE,94040,Clmn,4,1104,Dataset,4,4,0,0,4,0,0
Q-5YW6,94089,Trim7,4,1105,Chaise,4,4,0,0,0,0,0
Q-5YWC,94092,Trim16,4,1106,SSR,4,4,0,0,0,0,0
Q-5YZ2,94187,Zfp423,4,1107,Dataset,4,4,0,0,0,0,0
Q-61C8,103140,Gstt3,4,1108,Chaise,4,4,0,0,0,0,0
Q-61JY,103844,Inca1,4,1109,SSR,4,4,0,0,0,0,0
Q-623M,104382,Barhl2,4,1110,Dataset,4,4,0,0,0,0,0
Q-623R,104384,Rhox9,4,1111,Chaise,4,4,0,0,0,0,0
Q-6246,104394,E2f4,4,1112,SSR,4,4,0,0,0,0,0
Q-63E4,107751,Prrxl1,4,1113,Dataset,4,4,0,0,0,0,0
Q-63QC,108075,Ltbp4,4,1114,Chaise,4,4,0,0,0,0,0
Q-64MY,108655,Foxp1,4,1115,SSR,4,4,0,0,0,0,0
Q-64QC,108837,Ibtk,4,1116,Dataset,4,4,0,0,0,0,0
Q-64TW,109113,Uhrf2,4,1117,Chaise,4,4,0,0,0,0,0
Q-65SY,109880,Braf,4,1118,SSR,4,4,0,0,0,0,0
Q-6AMA,114716,Spred2,4,1119,Dataset,4,4,0,0,0,0,0
Q-6B34,116372,LYPD1,4,1120,Chaise,4,4,0,0,0,0,0
Q-6BWE,118427,OLFM3,4,1121,SSR,4,4,0,0,0,0,0
Q-6D6J,132158,GLYCTK,4,1122,Dataset,4,4,0,0,0,0,0
Q-6GCT,170690,ADAMTS16,4,1123,Chaise,4,4,0,0,0,0,0
Q-6GEC,170737,Znrf1,4,1124,SSR,4,4,0,0,0,0,0
Q-6GWC,171486,Cd99l2,4,1125,Dataset,4,4,0,0,0,0,0
Q-6GYE,192120,Bspry,4,1126,Chaise,4,4,0,0,0,0,0
Q-6HXY,207165,Bptf,4,1127,SSR,4,4,0,0,0,0,0
Q-6JFJ,210801,Unc5d,4,1128,Dataset,4,4,0,0,0,0,0
Q-6JPR,212398,Frat2,4,1129,Chaise,4,4,0,0,0,0,0
Q-6KCT,216238,Eea1,4,1130,SSR,4,4,0,0,0,0,0
Q-6KQ6,217410,Trib2,4,1131,Dataset,4,4,0,0,0,0,0
Q-6KQT,217578,Baz1a,4,1132,Chaise,4,4,0,0,0,0,0
Q-6MQM,223770,Brd1,4,1133,SSR,4,4,0,0,0,0,0
Q-6NCG,226866,Sbspon,4,1134,Dataset,4,4,0,0,0,0,0
Q-6NH4,227644,Snapc4,4,1135,Chaise,4,4,0,0,0,0,0
Q-6P3W,230612,Slc5a9,4,1136,SSR,4,4,0,0,0,0,0
Q-6PB0,231290,Slc10a4,4,1137,Dataset,4,4,0,0,0,0,0
Q-6PN0,232566,Amn1,4,1138,Chaise,4,4,0,0,0,0,0
Q-6PYE,233805,Dcun1d3,4,1139,SSR,4,4,0,0,0,0,0
Q-6PYY,233863,Gtf3c1,4,1140,Dataset,4,4,0,0,0,0,0
Q-6PZG,233887,Zfp553,4,1141,Chaise,4,4,0,0,0,0,0
Q-6Q8R,235281,Scn3b,4,1142,SSR,4,4,0,0,0,0,0
Q-6QJP,237222,Ofd1,4,1143,Dataset,4,4,0,0,0,0,0
Q-6RBW,241514,Zfp804a,4,1144,Chaise,4,4,0,0,0,0,0
Q-6REJ,242022,Frem2,4,1145,SSR,4,4,0,0,0,0,0
Q-6RKW,242785,Klhl21,4,1146,Dataset,4,4,0,0,0,0,0
Q-6RWJ,244183,Trim30b,4,1147,Chaise,4,4,0,0,0,0,0
Q-6S3E,245386,Tmem255a,4,1148,SSR,4,4,0,0,0,0,0
Q-6S5R,245595,Zfp711,4,1149,Dataset,4,4,0,0,0,0,0
Q-6SMC,252838,Tox,4,1150,Chaise,4,4,0,0,0,0,0
Q-6X7M,269629,Lhfpl3,4,1151,SSR,4,4,0,0,0,0,0
Q-6X9A,269831,Tspan12,4,1152,Dataset,4,4,0,0,0,0,0
Q-6XPE,279653,Pcdh19,4,1153,Chaise,4,4,0,0,0,0,0
Q-6YMA,284654,RSPO1,4,1154,SSR,4,4,0,0,0,0,0
Q-70GJ,320038,Dlx6os1,4,1155,Dataset,4,4,0,0,0,0,0
Q-7148,320563,Islr2,4,1156,Chaise,4,4,0,0,0,0,0
Q-71KY,320974,Lrrn4,4,1157,SSR,4,4,0,0,0,0,0
Q-731R,338354,Zfp780b,4,1158,Dataset,4,4,0,0,0,0,0
Q-7B50,402733,A930009L07Rik,4,1159,Chaise,4,4,0,0,0,0,0
Q-7CBJ,407821,Znrf3,4,1160,SSR,4,4,0,0,0,0,0
Q-7DNA,434423,Dppa5a,4,1161,Dataset,4,4,0,0,0,0,0
Q-A21E,102640971,CJ186046Rik,4,1162,Chaise,4,4,0,0,0,0,0
Q-3M5Y,216,ALDH1A1,3,1163,SSR,0,0,3,0,0,0,0
Q-3ME2,367,AR,3,1164,Dataset,3,0,3,0,0,0,0
Q-3QQA,2321,FLT1,3,1165,Chaise,0,0,3,0,0,0,0
Q-3QQM,2327,FMO2,3,1166,SSR,3,3,0,0,0,0,0
Q-3TBR,3934,LCN2,3,1167,Dataset,0,0,3,0,0,0,0
Q-3TY0,4288,MKI67,3,1168,Chaise,3,0,3,0,0,0,0
Q-3W2P,5087,PBX1,3,1169,SSR,3,3,0,0,0,0,0
Q-3XM0,5979,RET,3,1170,Dataset,3,3,0,0,0,0,0
Q-3Y2M,6275,S100A4,3,1171,Chaise,3,0,3,0,0,0,0
Q-3YKG,6570,SLC18A1,3,1172,SSR,3,3,0,0,0,0,0
Q-3YTJ,6694,SPP2,3,1173,Dataset,3,3,0,0,0,0,0
Q-3Z7T,6928,HNF1B,3,1174,Chaise,3,3,0,0,0,0,0
Q-3Z8T,6948,TCN2,3,1175,SSR,3,3,0,0,0,0,0
Q-3ZJ4,7122,CLDN5,3,1176,Dataset,3,3,0,0,0,0,0
Q-41Y4,9423,NTN1,3,1177,Chaise,3,3,0,0,0,0,0
Q-43S0,9963,SLC23A1,3,1178,SSR,3,3,0,0,0,0,0
Q-46BM,11636,Ak1,3,1179,Dataset,3,3,0,0,0,0,0
Q-46PW,11906,Zfhx3,3,1180,Chaise,3,3,0,0,0,0,0
Q-476R,12351,Car4,3,1181,SSR,3,3,0,0,0,0,0
Q-47DA,12505,Cd44,3,1182,Dataset,3,3,0,0,0,0,0
Q-47GG,12576,Cdkn1b,3,1183,Chaise,3,3,0,0,0,0,0
Q-47GJ,12577,Cdkn1c,3,1184,SSR,3,3,0,0,0,0,0
Q-47T2,12821,Col17a1,3,1185,Dataset,3,3,0,0,0,0,0
Q-47XY,12913,Creb3,3,1186,Chaise,3,3,0,0,0,0,0
Q-48JE,13486,Dr1,3,1187,SSR,3,3,0,0,0,0,0
Q-48KE,13507,Dsc3,3,1188,Dataset,3,3,0,0,0,0,0
Q-48MY,13555,E2f1,3,1189,Chaise,3,3,0,0,0,0,0
Q-48P8,13608,Edar,3,1190,SSR,3,3,0,0,0,0,0
Q-48RA,13655,Egr3,3,1191,Dataset,3,3,0,0,0,0,0
Q-48RC,13656,Egr4,3,1192,Chaise,3,3,0,0,0,0,0
Q-48ST,13712,Elk1,3,1193,SSR,3,3,0,0,0,0,0
Q-48WW,13845,Ephb3,3,1194,Dataset,3,3,0,0,0,0,0
Q-48ZA,13983,Esr2,3,1195,Chaise,3,3,0,0,0,0,0
Q-490P,14025,Bcl11a,3,1196,SSR,3,3,0,0,0,0,0
Q-49BY,14284,Fosl2,3,1197,Dataset,3,3,0,0,0,0,0
Q-49QG,14619,Gjb2,3,1198,Chaise,3,3,0,0,0,0,0
Q-49ZY,14804,Grid2,3,1199,SSR,3,3,0,0,0,0,0
Q-4ACR,15221,Foxd3,3,1200,Dataset,3,3,0,0,0,0,0
Q-4AE8,15270,H2afx,3,1201,Chaise,0,0,3,0,0,0,0
Q-4AGP,15377,Foxa3,3,1202,SSR,3,3,0,0,0,0,0
Q-4AGT,15379,Onecut1,3,1203,Dataset,3,3,0,0,0,0,0
Q-4AHP,15403,Hoxa6,3,1204,Chaise,3,3,0,0,0,0,0
Q-4AJA,15415,Hoxb7,3,1205,SSR,3,3,0,3,0,0,0
Q-4B4M,16322,Inha,3,1206,Dataset,3,3,0,0,0,0,0
Q-4B6M,16370,Irs4,3,1207,Chaise,3,3,0,0,0,0,0
Q-4BBY,16492,Kcna4,3,1208,SSR,3,3,0,0,0,0,0
Q-4BC6,16497,Kcnab1,3,1209,Dataset,3,3,0,0,0,0,0
Q-4BM6,16656,Hivep3,3,1210,Chaise,3,3,0,0,0,0,0
Q-4BMP,16665,Krt15,3,1211,SSR,3,3,0,0,0,0,0
Q-4C26,17119,Mxd1,3,1212,Dataset,3,3,0,0,0,0,0
Q-4CBA,17318,Mid1,3,1213,Chaise,3,3,0,0,0,0,0
Q-4CCE,17364,Trpm1,3,1214,SSR,3,3,0,0,0,0,0
Q-4CHC,17684,Cited2,3,1215,Dataset,3,3,0,0,0,0,0
Q-4CV4,17951,Naip5,3,1216,Chaise,3,3,0,0,0,0,0
Q-4CYW,18029,Nfic,3,1217,SSR,3,3,0,0,0,0,0
Q-4CZ0,18032,Nfix,3,1218,Dataset,3,3,0,0,0,0,0
Q-4D22,18111,Nnat,3,1219,Chaise,3,3,0,0,0,0,0
Q-4D4M,18171,Nr1i2,3,1220,SSR,3,3,0,0,0,0,0
Q-4DM8,18606,Enpp2,3,1221,Dataset,3,3,0,0,0,0,0
Q-4DN0,18619,Penk,3,1222,Chaise,3,3,0,0,0,0,0
Q-4DYA,18854,Pml,3,1223,SSR,3,3,0,0,0,0,0
Q-4E5G,19116,Prlr,3,1224,Dataset,3,3,0,0,0,0,0
Q-4E8J,19193,Pipox,3,1225,Chaise,3,3,0,0,0,3,0
Q-4F18,19687,Rfc1,3,1226,SSR,3,3,0,0,0,0,0
Q-4F2E,19712,Rest,3,1227,Dataset,3,3,0,0,0,0,0
Q-4F5J,19824,Trim10,3,1228,Chaise,3,3,0,0,0,0,0
Q-4FBM,20128,Trim30a,3,1229,SSR,3,3,0,0,0,0,0
Q-4FCT,20183,Rxrg,3,1230,Dataset,3,3,0,0,0,0,0
Q-4FTP,20474,Six4,3,1231,Chaise,3,3,0,0,0,0,0
Q-4FZ6,20588,Smarcc1,3,1232,SSR,3,3,0,0,0,0,0
Q-4FZG,20592,Kdm5d,3,1233,Dataset,3,3,0,0,0,0,0
Q-4G7A,20753,Sprr1a,3,1234,Chaise,3,3,0,0,0,0,0
Q-4G8R,20787,Srebf1,3,1235,SSR,3,3,0,0,0,0,0
Q-4G9G,20821,Trim21,3,1236,Dataset,3,3,0,0,0,0,0
Q-4GAP,20850,Stat5a,3,1237,Chaise,3,3,0,0,0,0,0
Q-4GCC,20893,Bhlhe40,3,1238,SSR,3,3,0,0,0,0,0
Q-4GCE,20897,Stra6,3,1239,Dataset,3,3,0,0,0,0,0
Q-4H64,21386,Tbx3,3,1240,Chaise,3,3,0,0,0,0,0
Q-4H70,21408,Zfp354a,3,1241,SSR,3,3,0,0,0,0,0
Q-4H7E,21416,Tcf7l2,3,1242,Dataset,3,3,0,0,0,0,0
Q-4H7T,21422,Tfcp2,3,1243,Chaise,3,3,0,0,0,0,0
Q-4H84,21428,Mlx,3,1244,SSR,3,3,0,0,0,0,0
Q-4HBT,21676,Tead1,3,1245,Dataset,3,3,0,0,0,0,0
Q-4HC4,21752,Tert,3,1246,Chaise,3,3,0,0,0,0,0
Q-4HE6,21780,Tfam,3,1247,SSR,3,3,0,0,0,0,0
Q-4HFE,21815,Tgif1,3,1248,Dataset,3,3,0,0,0,0,0
Q-4HHA,21849,Trim28,3,1249,Chaise,3,3,0,0,0,0,0
Q-4HRY,22051,Trip6,3,1250,SSR,3,3,0,0,0,0,0
Q-4HWW,22152,Tubb3,3,1251,Dataset,3,3,3,0,0,0,0
Q-4HZM,22221,Ubp1,3,1252,Chaise,3,3,0,0,0,0,0
Q-4J12,22256,Ung,3,1253,SSR,3,3,0,0,0,0,0
Q-4J84,22408,Wnt1,3,1254,Dataset,3,3,0,0,0,0,0
Q-4J8W,22420,Wnt6,3,1255,Chaise,3,3,0,0,0,0,0
Q-4JBG,22630,Ywhaq,3,1256,SSR,3,3,0,0,0,0,0
Q-4JC8,22646,Zfp105,3,1257,Dataset,3,3,0,0,0,0,0
Q-4JCT,22670,Trim26,3,1258,Chaise,3,3,0,0,0,0,0
Q-4JDA,22688,Zfp26,3,1259,SSR,3,3,0,0,0,0,0
Q-4JDJ,22693,Zfp30,3,1260,Dataset,3,3,0,0,0,0,0
Q-4JE8,22709,Zfp51,3,1261,Chaise,3,3,0,0,0,0,0
Q-4JF8,22756,Zfp94,3,1262,SSR,3,3,0,0,0,0,0
Q-4JFT,22767,Zfy1,3,1263,Dataset,3,3,0,0,0,0,0
Q-4JG2,22772,Zic2,3,1264,Chaise,3,3,0,0,0,0,0
Q-4JG4,22773,Zic3,3,1265,SSR,3,3,0,0,0,0,0
Q-4JG6,22774,Zic4,3,1266,Dataset,3,3,0,0,0,0,0
Q-4JG8,22775,Zik1,3,1267,Chaise,3,3,0,0,0,0,0
Q-4JGE,22779,Ikzf2,3,1268,SSR,3,3,0,0,0,0,0
Q-4M6J,23947,Mid2,3,1269,Dataset,3,3,0,0,0,0,0
Q-4MBC,24017,Rnf13,3,1270,Chaise,3,3,0,0,0,0,0
Q-4MC0,24053,Sgcg,3,1271,SSR,3,3,0,0,0,0,0
Q-4MF0,24132,Zfp53,3,1272,Dataset,3,3,0,0,0,0,0
Q-4N9A,26374,Cop1,3,1273,Chaise,3,3,0,0,0,0,0
Q-4NC8,26427,Creb3l1,3,1274,SSR,3,3,0,0,0,0,0
Q-4PDG,27274,Zfp354b,3,1275,Dataset,3,3,0,0,0,0,0
Q-4SAG,29820,Tnfrsf19,3,1276,Chaise,3,3,0,0,0,0,0
Q-4SCT,29864,Rnf11,3,1277,SSR,3,3,0,0,0,0,0
Q-4SMM,30054,Rnf17,3,1278,Dataset,3,3,0,0,0,0,0
Q-4SMT,30057,Timm8b,3,1279,Chaise,3,3,0,0,0,0,0
Q-4SSJ,30932,Zfp330,3,1280,SSR,3,3,0,0,0,0,0
Q-4STC,30945,Rnf19a,3,1281,Dataset,3,3,0,0,0,0,0
Q-4T7C,50927,Nasp,3,1282,Chaise,3,3,0,0,0,0,0
Q-4WBG,52712,Zkscan6,3,1283,SSR,3,3,0,0,0,0,0
Q-4X28,53417,Hif3a,3,1284,Dataset,3,3,0,0,0,0,0
Q-4XJE,53970,Rfx5,3,1285,Chaise,3,3,0,0,0,0,0
Q-4Y2W,54483,Mefv,3,1286,SSR,3,3,0,0,0,0,0
Q-4YCC,54678,Zfp108,3,1287,Dataset,3,3,0,0,0,0,0
Q-4YDA,54713,Fezf2,3,1288,Chaise,3,3,0,0,0,0,0
Q-508P,55991,Panx1,3,1289,SSR,3,3,0,0,0,0,0
Q-50R6,56314,Zfp113,3,1290,Dataset,3,3,0,0,0,0,0
Q-50RM,56321,Aatf,3,1291,Chaise,3,3,0,0,0,0,0
Q-50VM,56380,Arid3b,3,1292,SSR,3,3,0,0,0,0,0
Q-5110,56501,Elf4,3,1293,Dataset,3,3,0,0,0,0,0
Q-51E4,56869,Zfp109,3,1294,Chaise,3,3,0,0,0,0,0
Q-51EA,56874,Rnf32,3,1295,SSR,3,3,0,0,0,0,0
Q-51FE,56898,BDH2,3,1296,Dataset,3,3,0,0,0,0,0
Q-52NJ,57745,Zfp112,3,1297,Chaise,3,3,0,0,0,0,0
Q-52P8,57756,Fhl5,3,1298,SSR,3,3,0,0,0,0,0
Q-52Q8,57782,Rbak,3,1299,Dataset,3,3,0,0,0,0,0
Q-5344,58805,Mlxipl,3,1300,Chaise,3,3,0,0,0,0,0
Q-5352,58894,Zfp862-ps,3,1301,SSR,3,3,0,0,0,0,0
Q-58M6,64424,Polr1e,3,1302,Dataset,3,3,0,0,0,0,0
Q-591J,65020,Zfp110,3,1303,Chaise,3,3,0,0,0,0,0
Q-59RP,66361,Zfand1,3,1304,SSR,3,3,0,0,0,0,0
Q-59YG,66482,Exoc2,3,1305,Dataset,3,3,0,0,0,0,0
Q-5A16,66549,Aggf1,3,1306,Chaise,3,3,0,0,0,0,0
Q-5A30,66597,Trim13,3,1307,SSR,3,3,0,0,0,0,0
Q-5AC0,66809,Krt20,3,1308,Dataset,3,3,0,3,0,0,3
Q-5AFW,66889,Rnf128,3,1309,Chaise,3,3,0,0,0,0,0
Q-5AJG,66953,Cdca7,3,1310,SSR,3,3,0,0,0,0,0
Q-5AKR,66979,Pole4,3,1311,Dataset,3,3,0,0,0,0,0
Q-5AM8,66993,Smarcd3,3,1312,Chaise,3,3,0,0,0,0,0
Q-5AMT,67005,Polr3k,3,1313,SSR,3,3,0,0,0,0,0
Q-5AVJ,67144,Lrrc40,3,1314,Dataset,3,3,0,0,0,0,0
Q-5AVR,67149,Nkain1,3,1315,Chaise,3,3,0,0,0,0,0
Q-5AVT,67150,Rnf141,3,1316,SSR,3,3,0,0,0,0,0
Q-5AWW,67178,Zmat5,3,1317,Dataset,3,3,0,0,0,0,0
Q-5B08,67256,Dlx6os3,3,1318,Chaise,3,3,0,0,0,0,0
Q-5B4C,67338,Rffl,3,1319,SSR,3,3,0,0,0,0,0
Q-5B4J,67341,Ascl4,3,1320,Dataset,3,3,0,0,0,0,0
Q-5BB4,67492,Zfand4,3,1321,Chaise,3,3,0,0,0,0,0
Q-5BME,67702,Rnf149,3,1322,SSR,3,3,0,0,0,0,0
Q-5BRE,67785,Zmym4,3,1323,Dataset,3,3,0,0,0,0,0
Q-5BTP,67845,Rnf115,3,1324,Chaise,3,3,0,0,0,0,0
Q-5CMJ,68521,Fam189b,3,1325,SSR,3,3,0,0,0,0,0
Q-5CZY,68897,Disp1,3,1326,Dataset,3,3,0,0,0,0,0
Q-5D3A,68992,Zfp580,3,1327,Chaise,3,3,0,0,0,0,0
Q-5D8M,69149,Kbtbd3,3,1328,SSR,3,3,0,0,0,0,0
Q-5DA4,69188,Kmt2e,3,1329,Dataset,3,3,0,0,0,3,0
Q-5DVW,69665,Upk3bl,3,1330,Chaise,3,3,0,0,0,0,0
Q-5E3Y,69876,Thap3,3,1331,SSR,3,3,0,0,0,0,0
Q-5E4J,69890,Zfp219,3,1332,Dataset,3,3,0,0,0,0,0
Q-5E5W,69930,Zfp715,3,1333,Chaise,3,3,0,0,0,0,0
Q-5E9M,70044,Tut1,3,1334,SSR,3,3,0,0,0,0,0
Q-5EBT,70118,Srrd,3,1335,Dataset,3,3,0,0,0,0,0
Q-5EF4,70238,Rnf168,3,1336,Chaise,3,3,0,0,0,0,0
Q-5ERP,70508,Bbx,3,1337,SSR,3,3,0,0,0,0,0
Q-5ERT,70510,Rnf167,3,1338,Dataset,3,3,0,0,0,0,0
Q-5EV4,70574,Cpm,3,1339,Chaise,3,3,0,0,0,0,0
Q-5EXP,70673,Prdm16,3,1340,SSR,3,3,0,0,0,0,0
Q-5F12,70796,Zdhhc1,3,1341,Dataset,3,3,0,0,0,0,0
Q-5F6J,70928,Trim69,3,1342,Chaise,3,3,0,0,0,0,0
Q-5F8P,70974,Pgm2l1,3,1343,SSR,3,3,0,0,0,0,0
Q-5FBE,71041,Pcgf6,3,1344,Dataset,3,3,0,0,0,0,0
Q-5FC0,71063,Zfp597,3,1345,Chaise,3,3,0,0,0,0,0
Q-5FER,71131,Zfp689,3,1346,SSR,3,3,0,0,0,0,0
Q-5FGC,71163,Zfp626,3,1347,Dataset,3,3,0,0,0,0,0
Q-5FSJ,71371,Arid5b,3,1348,Chaise,3,3,0,0,0,0,0
Q-5FYE,71529,Kazn,3,1349,SSR,3,3,0,0,0,0,0
Q-5G0A,71591,Zfp251,3,1350,Dataset,3,3,0,0,0,0,0
Q-5G8M,71801,Plekhf2,3,1351,Chaise,3,3,0,0,0,0,0
Q-5G98,71816,Rnf180,3,1352,SSR,3,3,0,0,0,0,0
Q-5GFG,71956,Rnf135,3,1353,Dataset,3,3,0,0,0,0,0
Q-5GGC,71978,Ppp2r2a,3,1354,Chaise,3,3,0,0,0,0,0
Q-5GK4,72043,Sulf2,3,1355,SSR,3,3,0,0,0,0,0
Q-5GR8,72169,Trim29,3,1356,Dataset,3,3,0,0,0,0,0
Q-5GZ2,72330,Klhl40,3,1357,Chaise,3,3,0,0,0,0,0
Q-5H1E,72399,Brap,3,1358,SSR,3,3,0,0,0,0,0
Q-5H6M,72585,Lypd1,3,1359,Dataset,3,3,0,0,0,0,0
Q-5H7G,72611,Zfp655,3,1360,Chaise,3,3,0,0,0,0,0
Q-5HE4,72843,Prdm4,3,1361,SSR,3,3,0,0,0,0,0
Q-5HRY,73181,Nfatc4,3,1362,Dataset,3,3,0,0,0,0,0
Q-5JFY,73754,Thap1,3,1363,Chaise,3,3,0,0,0,0,0
Q-5JKT,73854,4930428B01Rik,3,1364,SSR,3,3,0,0,0,0,0
Q-5JTJ,74007,Btbd11,3,1365,Dataset,3,3,0,0,0,0,0
Q-5K0C,74132,Rnf6,3,1366,Chaise,3,3,0,0,0,0,0
Q-5K6E,74255,Smu1,3,1367,SSR,3,3,0,0,0,0,0
Q-5K96,74315,Rnf145,3,1368,Dataset,3,3,0,0,0,0,0
Q-5KAP,74352,Zfp84,3,1369,Chaise,3,3,0,0,0,0,0
Q-5KKY,74561,Nkx6-3,3,1370,SSR,3,3,0,0,0,0,0
Q-5M8J,75079,Zbtb49,3,1371,Dataset,3,3,0,0,0,0,0
Q-5MEG,75212,Rnf121,3,1372,Chaise,3,3,0,0,0,0,0
Q-5MJ6,75291,Zbtb3,3,1373,SSR,3,3,0,0,0,0,0
Q-5N04,75605,Kdm5b,3,1374,Dataset,3,3,0,0,0,0,0
Q-5NG0,75986,Agmat,3,1375,Chaise,3,3,0,0,0,0,0
Q-5NGR,76007,Zmym2,3,1376,SSR,3,3,0,0,0,0,0
Q-5NK8,76073,Pcgf5,3,1377,Dataset,3,3,0,0,0,0,0
Q-5P0P,76574,Mfsd2a,3,1378,Chaise,3,3,0,0,0,0,0
Q-5P4T,76681,Trim12a,3,1379,SSR,3,3,0,0,0,0,0
Q-5P70,76747,Dapl1,3,1380,Dataset,3,3,0,0,0,0,0
Q-5PA4,76843,Dtl,3,1381,Chaise,3,3,0,0,0,0,0
Q-5PAJ,76857,Spopl,3,1382,SSR,3,3,0,0,0,0,0
Q-5PCM,76901,Jade2,3,1383,Dataset,3,3,0,0,0,0,0
Q-5PF2,76963,2310076G05Rik,3,1384,Chaise,3,3,0,0,0,0,0
Q-5Q7G,77731,6720477C19Rik,3,1385,SSR,3,3,0,0,0,0,0
Q-5QXE,78244,Dnajc21,3,1386,Dataset,3,3,0,0,0,0,0
Q-5QXT,78251,Zfp712,3,1387,Chaise,3,3,0,0,0,0,0
Q-5QZ2,78284,Creb3l4,3,1388,SSR,3,3,0,0,0,0,0
Q-5QZ8,78287,Rbsn,3,1389,Dataset,3,3,0,0,0,0,0
Q-5TBT,80720,Pbx4,3,1390,Chaise,3,3,0,0,0,0,0
Q-5TJ0,80892,Zfhx4,3,1391,SSR,3,3,0,0,0,0,0
Q-5TMR,81018,Rnf114,3,1392,Dataset,3,3,0,0,0,0,0
Q-5V38,81703,Jdp2,3,1393,Chaise,3,3,0,0,0,0,0
Q-5V44,81799,C1qtnf3,3,1394,SSR,3,3,0,0,0,0,0
Q-5VJC,83925,Trps1,3,1395,Dataset,3,3,0,0,0,0,0
Q-5VKM,83796,Smarcd2,3,1396,Chaise,3,3,0,0,0,0,0
Q-5VSC,83993,Tbx19,3,1397,SSR,3,3,0,0,0,0,0
Q-5YW8,94090,Trim9,3,1398,Dataset,3,3,0,0,0,0,0
Q-5YWE,94093,Trim33,3,1399,Chaise,3,3,0,0,0,0,0
Q-5YWG,94094,Trim34a,3,1400,SSR,3,3,0,0,0,0,0
Q-60B8,99571,Fgg,3,1401,Dataset,3,3,0,0,0,0,0
Q-6160,102423,Hinfp,3,1402,Chaise,3,3,0,0,0,0,0
Q-622C,104348,Zfp120,3,1403,SSR,3,3,0,0,0,0,0
Q-623P,104383,Rcor2,3,1404,Dataset,3,3,0,0,0,0,0
Q-62D8,105298,Epdr1,3,1405,Chaise,3,3,0,0,0,0,0
Q-631P,107260,Otub1,3,1406,SSR,3,3,0,0,0,0,0
Q-65T8,109889,Mzf1,3,1407,Dataset,3,3,0,0,0,0,0
Q-65V2,109910,Zfp91,3,1408,Chaise,3,3,0,0,0,0,0
Q-6BAG,116810,Foxn4,3,1409,SSR,3,3,0,0,0,0,0
Q-6BAJ,116811,Zim3,3,1410,Dataset,3,3,0,0,0,0,0
Q-6BD8,116870,Mta1,3,1411,Chaise,3,3,0,0,0,0,0
Q-6GA8,170574,Sp7,3,1412,SSR,3,3,0,0,0,0,0
Q-6GJM,170936,Zfp369,3,1413,Dataset,3,3,0,0,0,0,0
Q-6H1R,192190,Pkhd1l1,3,1414,Chaise,3,3,0,0,0,0,0
Q-6H30,192285,Phf21a,3,1415,SSR,3,3,0,0,0,0,0
Q-6H3J,192651,Zfp286,3,1416,Dataset,3,3,0,0,0,0,0
Q-6H5Y,193043,Zfp3,3,1417,Chaise,3,3,0,0,0,0,0
Q-6J3J,208292,Zfp871,3,1418,SSR,3,3,0,0,0,0,0
Q-6JCP,210105,Zfp719,3,1419,Dataset,3,3,0,0,0,0,0
Q-6JD8,210162,Zkscan2,3,1420,Chaise,3,3,0,0,0,0,0
Q-6JT6,213011,Zfp583,3,1421,SSR,3,3,0,0,0,0,0
Q-6K0Y,214290,Zcchc6,3,1422,Dataset,3,3,0,0,0,0,0
Q-6K3J,214685,Chadl,3,1423,Chaise,3,3,0,0,0,0,0
Q-6K4G,214899,Kdm5a,3,1424,SSR,3,3,0,0,0,0,0
Q-6K86,215627,Zbtb8b,3,1425,Dataset,3,3,0,0,0,0,0
Q-6M1J,219105,Zmym5,3,1426,Chaise,3,3,0,0,0,0,0
Q-6MNY,223642,Zc3h3,3,1427,SSR,3,3,0,0,0,0,0
Q-6MP6,223649,Nrbp2,3,1428,Dataset,3,3,0,0,0,0,0
Q-6MWP,224585,Zfp160,3,1429,Chaise,3,3,0,0,0,0,0
Q-6MWR,224598,Zfp758,3,1430,SSR,3,3,0,0,0,0,0
Q-6N0R,225055,Fbxo11,3,1431,Dataset,3,3,0,0,0,0,0
Q-6N6P,226049,Dmrt2,3,1432,Chaise,3,3,0,0,0,0,0
Q-6NCJ,226896,Tfap2d,3,1433,SSR,3,3,0,0,0,0,0
Q-6NDM,227099,Pms1,3,1434,Dataset,3,3,0,0,0,0,0
Q-6NQJ,228770,Rspo4,3,1435,Chaise,3,3,0,0,0,0,0
Q-6NRA,228807,Zfp341,3,1436,SSR,3,3,0,0,0,0,0
Q-6NRE,228829,Phf20,3,1437,Dataset,3,3,0,0,0,0,0
Q-6NXT,229644,Trim45,3,1438,Chaise,3,3,0,0,0,0,0
Q-6P1M,230162,Zfp189,3,1439,SSR,3,3,0,0,0,0,0
Q-6PJP,232237,Fgd5,3,1440,Dataset,3,3,0,0,0,0,0
Q-6PPE,232853,Zfp954,3,1441,Chaise,3,3,0,0,0,0,0
Q-6PZM,233893,Zfp764,3,1442,SSR,3,3,0,0,0,0,0
Q-6Q0P,234069,Pcid2,3,1443,Dataset,3,3,0,0,0,0,0
Q-6Q1R,234329,Trim60,3,1444,Chaise,3,3,0,0,0,0,0
Q-6Q22,234362,Zfp868,3,1445,SSR,3,3,0,0,0,0,0
Q-6Q2C,234378,Klhl26,3,1446,Dataset,3,3,0,0,0,0,0
Q-6Q7J,235047,Zfp809,3,1447,Chaise,3,3,0,0,0,0,0
Q-6Q7R,235050,Zfp810,3,1448,SSR,3,3,0,0,0,0,0
Q-6QDC,235907,Zfp65,3,1449,Dataset,3,3,0,0,0,0,0
Q-6QDG,235956,Zfp825,3,1450,Chaise,3,3,0,0,0,0,0
Q-6QE0,236193,Zfp709,3,1451,SSR,3,3,0,0,0,0,0
Q-6QST,238386,Btbd7,3,1452,Dataset,3,3,0,0,0,0,0
Q-6QZG,239546,Zfp647,3,1453,Chaise,3,3,0,0,0,0,0
Q-6R34,240068,Zfp563,3,1454,SSR,3,3,0,0,0,0,0
Q-6R62,240590,Dmrt3,3,1455,Dataset,3,3,0,0,0,0,0
Q-6RDM,241764,L3mbtl1,3,1456,Chaise,3,3,0,0,0,0,0
Q-6RF0,242109,Zfp697,3,1457,SSR,3,3,0,0,0,0,0
Q-6RGT,242466,Zfp462,3,1458,Dataset,3,3,0,0,0,0,0
Q-6RHJ,242523,Dmrta1,3,1459,Chaise,3,3,0,0,0,0,0
Q-6RHP,242553,Kank4,3,1460,SSR,3,3,0,0,0,0,0
Q-6RR4,243574,Kbtbd8,3,1461,Dataset,3,3,0,0,0,0,0
Q-6RTG,243906,Zfp14,3,1462,Chaise,3,3,0,0,0,0,0
Q-6RV8,243963,Zfp473,3,1463,SSR,3,3,0,0,0,0,0
Q-6RY2,244349,Kat6a,3,1464,Dataset,3,3,0,0,0,0,0
Q-6S0E,244721,Zfp846,3,1465,Chaise,3,3,0,0,0,0,0
Q-6S2M,245174,Zfp937,3,1466,SSR,3,3,0,0,0,0,0
Q-6WN6,260296,Trim61,3,1467,Dataset,3,3,0,0,0,0,0
Q-6WX0,268294,Zbtb24,3,1468,Chaise,3,3,0,0,0,0,0
Q-6XAM,269997,Zfp747,3,1469,SSR,3,3,0,0,0,0,0
Q-70Y6,320395,C130075A20Rik,3,1470,Dataset,3,3,0,0,0,0,0
Q-712C,320508,Cachd1,3,1471,Chaise,3,3,0,0,0,0,0
Q-71D6,320799,Zhx3,3,1472,SSR,3,3,0,0,0,0,0
Q-72N2,330671,B4galnt4,3,1473,Dataset,3,3,0,0,0,0,0
Q-763R,381319,Batf3,3,1474,Chaise,3,3,0,0,0,0,0
Q-76T4,383548,Serpinb3b,3,1475,SSR,3,3,0,0,0,0,0
Q-7FM6,449521,Zfp213,3,1476,Dataset,3,3,0,0,0,0,0
Q-7WT8,667803,H2-T-ps,3,1477,Chaise,3,3,0,0,0,0,0
Q-7XPW,668572,2610021A01Rik,3,1478,SSR,3,3,0,0,0,0,0
Q-87BA,100039028,Mup11,3,1479,Dataset,3,3,0,0,0,0,0
Q-87XA,100039668,Gm12397,3,1480,Chaise,3,3,0,0,0,0,0
Q-91FJ,100502767,5230400M03Rik,3,1481,SSR,3,3,0,0,0,0,0
Q-3M4E,187,APLNR,2,1482,Dataset,2,2,0,0,0,0,0
Q-3MDM,359,AQP2,2,1483,Chaise,0,2,2,0,0,0,0
Q-3MJC,445,ASS1,2,1484,SSR,2,2,0,0,0,0,0
Q-3N0W,717,C2,2,1485,Dataset,2,2,0,0,0,0,0
Q-3NBG,915,CD3D,2,1486,Chaise,0,0,2,0,0,0,0
Q-3NBR,920,CD4,2,1487,SSR,0,0,2,0,0,0,0
Q-3NDE,947,CD34,2,1488,Dataset,0,0,2,0,0,0,0
Q-3NR6,1134,CHRNA1,2,1489,Chaise,2,2,0,0,0,0,0
Q-3NZJ,1286,COL4A4,2,1490,SSR,2,2,0,0,0,0,0
Q-3P0C,1298,COL9A2,2,1491,Dataset,2,2,0,0,0,0,0
Q-3P7A,1428,CRYM,2,1492,Chaise,2,2,0,0,0,0,0
Q-3Q66,2018,EMX2,2,1493,SSR,2,2,0,0,0,0,0
Q-3QFW,2199,FBLN2,2,1494,Dataset,2,2,0,0,0,0,0
Q-3QG0,2200,FBN1,2,1495,Chaise,2,2,0,0,0,0,0
Q-3QPC,2306,FOXD2,2,1496,SSR,2,2,0,0,0,0,0
Q-3RVJ,3014,H2AFX,2,1497,Dataset,0,0,2,0,0,0,0
Q-3TAR,3913,LAMB2,2,1498,Chaise,0,0,2,0,0,0,0
Q-3TFG,4016,LOXL1,2,1499,SSR,2,2,0,0,0,0,0
Q-3TNA,4118,MAL,2,1500,Dataset,2,2,0,0,0,0,0
(1500 rows),,,,,,,,,,,,