Schema,Table,Group,Count,RIDs
Protocol,Protocol,Dataset,27,"[""N-H98J"", ""N-H98R"", ""N-H990"", ""N-H99G"", ""N-H996"", ""N-H99J"", ""N-H99P"", ""N-H9A8"", ""N-H9AR"", ""N-H9B2"", ""N-H9B8"", ""N-H9BE"", ""N-H9BY"", ""N-H9C2"", ""N-H9C8"", ""N-H9CE"", ""N-H9CM"", ""N-H9D4"", ""N-H9CW"", ""N-H9D8"", ""N-H9DG"", ""N-H9DP"", ""N-H9DW"", ""N-H9E2"", ""14-3R92"", ""14-3RA6"", ""14-3RFP""]"
Protocol,Protocol,SSR,27,"[""N-H98G"", ""N-H98P"", ""N-H98W"", ""N-H994"", ""N-H99E"", ""N-H998"", ""N-H99T"", ""N-H9A6"", ""N-H9AJ"", ""N-H9B0"", ""N-H9B4"", ""N-H9BG"", ""N-H9BR"", ""N-H9BW"", ""N-H9C6"", ""N-H9CC"", ""N-H9CJ"", ""N-H9CR"", ""N-H9CT"", ""N-H9D0"", ""N-H9DC"", ""N-H9DM"", ""N-H9DT"", ""N-H9E0"", ""R-ZGCY"", ""14-3R9P"", ""14-3RCM""]"
Protocol,Protocol,Chaise,27,"[""N-H98E"", ""N-H98M"", ""N-H98T"", ""N-H992"", ""N-H99C"", ""N-H99A"", ""N-H99R"", ""N-H99Y"", ""N-H9AA"", ""N-H9AW"", ""N-H9B6"", ""N-H9D6"", ""N-H9BM"", ""N-H9C0"", ""N-H9C4"", ""N-H9CA"", ""N-H9CG"", ""N-H9CP"", ""N-H9D2"", ""N-H9CY"", ""N-H9DE"", ""N-H9DJ"", ""N-H9DR"", ""N-H9DY"", ""N-H9E4"", ""14-3R9C"", ""14-3RAG""]"
,,,,
Common,Collection,SSR,7,"[""16-26EY"", ""16-E1WG"", ""16-QP8M"", ""16-QQG2"", ""16-WHS4"", ""16-WK64"", ""17-3ZTY""]"
Common,Collection,Chaise,8,"[""W-QXXC"", ""Q-3K5C"", ""16-QKNE"", ""R-ZD4C"", ""R-ZD44"", ""16-QQG2"", ""16-QP8M"", ""16-WK64""]"
Common,Collection,Dataset,9,"[""17-3ZTY"", ""16-WM8C"", ""Q-3K5E"", ""16-E1WG"", ""16-QKNG"", ""16-WHS4"", ""16-WMM4"", ""16-26EY"", ""R-ZD48""]"
,,,,
RNASeq,Study,Chaise,7,"[""16-DMQT"", ""16-WPC0"", ""16-WJNM"", ""16-DW82"", ""16-DMRA"", ""W-R812"", ""16-3G4C""]"
RNASeq,Study,Dataset,7,"[""16-DMRG"", ""16-DW7R"", ""16-WPBT"", ""16-WHYA"", ""16-DMQG"", ""W-RAHW"", ""16-DMQW""]"
RNASeq,Study,SSR,5,"[""16-WJNR"", ""16-DMQA"", ""16-WW2M"", ""16-DMRC"", ""W-RB70""]"
,,,,
Common,Gene,SSR,500,"[""Q-3YEY"", ""Q-3NGJ"", ""Q-3T8P"", ""Q-4F2G"", ""Q-47ZM"", ""Q-47FM"", ""Q-4J8A"", ""Q-47F4"", ""Q-49JG"", ""Q-60EC"", ""Q-48GE"", ""Q-4AFT"", ""Q-46SJ"", ""Q-4G3R"", ""Q-60Z8"", ""Q-48GM"", ""Q-4G2P"", ""Q-4MEP"", ""Q-5EXT"", ""Q-5G9M"", ""Q-5VKP"", ""Q-3T8C"", ""Q-496T"", ""Q-4E92"", ""Q-605E"", ""Q-3QNP"", ""Q-474G"", ""Q-4858"", ""Q-49NT"", ""Q-4J8Y"", ""Q-5NSM"", ""Q-3S40"", ""Q-47T4"", ""Q-49MG"", ""Q-4BKT"", ""Q-4F1W"", ""Q-4FN2"", ""Q-4HZ6"", ""Q-4J88"", ""Q-5JV0"", ""Q-6H2C"", ""Q-47MR"", ""Q-48Q8"", ""Q-4AWR"", ""Q-4C62"", ""Q-4DGC"", ""Q-4G0J"", ""Q-4H8Y"", ""Q-4J8E"", ""Q-5E04"", ""Q-66D4"", ""Q-6RTY"", ""Q-45H2"", ""Q-47HG"", ""Q-49V4"", ""Q-4B7R"", ""Q-4CA0"", ""Q-4DHA"", ""Q-4FH0"", ""Q-4TJW"", ""Q-5GH0"", ""Q-5K2G"", ""Q-5YHJ"", ""Q-6AFM"", ""Q-6QYY"", ""Q-6XQ0"", ""Q-71NW"", ""Q-44BJ"", ""Q-46QR"", ""Q-48D6"", ""Q-496G"", ""Q-49WW"", ""Q-4AGR"", ""Q-4CZM"", ""Q-4FFG"", ""Q-4FP0"", ""Q-4H72"", ""Q-4SAA"", ""Q-4Y0T"", ""Q-5PJA"", ""Q-639W"", ""Q-6J9T"", ""Q-6XG2"", ""Q-3QG6"", ""Q-3TCJ"", ""Q-3ZYY"", ""Q-474M"", ""Q-47P8"", ""Q-48SY"", ""Q-494G"", ""Q-49NY"", ""Q-4AD2"", ""Q-4ARM"", ""Q-4BGR"", ""Q-4BR0"", ""Q-4C4A"", ""Q-4CJ4"", ""Q-4DMT"", ""Q-4F0R"", ""Q-4G3M"", ""Q-4H76"", ""Q-4HF8"", ""Q-4N1E"", ""Q-4X1Y"", ""Q-584P"", ""Q-5AW2"", ""Q-5F0G"", ""Q-5YGP"", ""Q-61PY"", ""Q-66D8"", ""Q-6KNT"", ""Q-72R8"", ""Q-3PJW"", ""Q-3S6Y"", ""Q-40KM"", ""Q-46KM"", ""Q-46YJ"", ""Q-47P4"", ""Q-47TG"", ""Q-4828"", ""Q-48N0"", ""Q-491G"", ""Q-49E4"", ""Q-4A0M"", ""Q-4A8T"", ""Q-4AK6"", ""Q-4BDR"", ""Q-4BXP"", ""Q-4C2Y"", ""Q-4CY8"", ""Q-4DE6"", ""Q-4DN2"", ""Q-4ED4"", ""Q-4F7R"", ""Q-4FVM"", ""Q-4GB0"", ""Q-4H62"", ""Q-4HG0"", ""Q-4HKP"", ""Q-4J26"", ""Q-4JEJ"", ""Q-4N9G"", ""Q-4SQJ"", ""Q-4YDW"", ""Q-537C"", ""Q-5AGE"", ""Q-5CQY"", ""Q-5K42"", ""Q-5KK8"", ""Q-5SKA"", ""Q-5VDG"", ""Q-634M"", ""Q-674M"", ""Q-6G7J"", ""Q-6JPM"", ""Q-6KNY"", ""Q-6PW8"", ""Q-74JP"", ""Q-3X14"", ""Q-3YJT"", ""Q-44YR"", ""Q-46CC"", ""Q-46XY"", ""Q-477T"", ""Q-47TE"", ""Q-488C"", ""Q-48G6"", ""Q-48QJ"", ""Q-48VP"", ""Q-48Z8"", ""Q-49EP"", ""Q-4AC2"", ""Q-4AK2"", ""Q-4B96"", ""Q-4BQJ"", ""Q-4C5E"", ""Q-4CAA"", ""Q-4CMR"", ""Q-4CSR"", ""Q-4DCR"", ""Q-4DGG"", ""Q-4DS8"", ""Q-4E10"", ""Q-4E9Y"", ""Q-4EGE"", ""Q-4FDP"", ""Q-4FNW"", ""Q-4FTG"", ""Q-4G36"", ""Q-4GF2"", ""Q-4HBW"", ""Q-4HPA"", ""Q-4HSA"", ""Q-4J8G"", ""Q-4M9C"", ""Q-4MEY"", ""Q-4NWJ"", ""Q-4QJ8"", ""Q-4SSA"", ""Q-4WYG"", ""Q-4XRC"", ""Q-50JC"", ""Q-523W"", ""Q-5860"", ""Q-5A76"", ""Q-5AFG"", ""Q-5AQ6"", ""Q-5BS4"", ""Q-5C20"", ""Q-5CEW"", ""Q-5CPP"", ""Q-5D9W"", ""Q-5E00"", ""Q-5G2P"", ""Q-5HP0"", ""Q-5NY2"", ""Q-5TKP"", ""Q-6216"", ""Q-64Q4"", ""Q-66PG"", ""Q-67B0"", ""Q-6BEP"", ""Q-6JYC"", ""Q-6KG2"", ""Q-6MYR"", ""Q-6NZC"", ""Q-6RV0"", ""Q-6X60"", ""Q-70AG"", ""Q-72E8"", ""Q-871E"", ""Q-3N50"", ""Q-3R84"", ""Q-3W6R"", ""Q-3Z3M"", ""Q-405R"", ""Q-464W"", ""Q-46FP"", ""Q-46QC"", ""Q-46VE"", ""Q-472J"", ""Q-47AA"", ""Q-47PW"", ""Q-47WT"", ""Q-4846"", ""Q-489Y"", ""Q-48EY"", ""Q-48NR"", ""Q-48WE"", ""Q-494J"", ""Q-4976"", ""Q-497M"", ""Q-49EE"", ""Q-49M8"", ""Q-49SR"", ""Q-4ADM"", ""Q-4AHT"", ""Q-4AK0"", ""Q-4ASY"", ""Q-4B86"", ""Q-4BVM"", ""Q-4C46"", ""Q-4CAP"", ""Q-4CE2"", ""Q-4CR4"", ""Q-4CT4"", ""Q-4CYC"", ""Q-4D08"", ""Q-4DPC"", ""Q-4DWC"", ""Q-4DYJ"", ""Q-4E1J"", ""Q-4E9G"", ""Q-4F1P"", ""Q-4FCC"", ""Q-4FN6"", ""Q-4FYM"", ""Q-4G62"", ""Q-4H40"", ""Q-4H7J"", ""Q-4HQ8"", ""Q-4HV0"", ""Q-4JGC"", ""Q-4M5M"", ""Q-4NBE"", ""Q-4S9T"", ""Q-4ST0"", ""Q-4T6W"", ""Q-4WZ0"", ""Q-4X4C"", ""Q-4XXG"", ""Q-508R"", ""Q-511J"", ""Q-5192"", ""Q-51CA"", ""Q-51ZT"", ""Q-533W"", ""Q-536P"", ""Q-539W"", ""Q-58QA"", ""Q-59KT"", ""Q-5A56"", ""Q-5AQY"", ""Q-5BAC"", ""Q-5C5C"", ""Q-5CY8"", ""Q-5E68"", ""Q-5FCA"", ""Q-5G7M"", ""Q-5H88"", ""Q-5HK6"", ""Q-5KHT"", ""Q-5M6P"", ""Q-5MPY"", ""Q-5S3T"", ""Q-5THJ"", ""Q-5VBM"", ""Q-5YE8"", ""Q-5Z0A"", ""Q-62AR"", ""Q-64N2"", ""Q-6BWE"", ""Q-6GCT"", ""Q-6GYE"", ""Q-6K3Y"", ""Q-6KM4"", ""Q-6NCG"", ""Q-6P4Y"", ""Q-6PYE"", ""Q-6Q1C"", ""Q-6QJP"", ""Q-6REJ"", ""Q-6SMC"", ""Q-6XPE"", ""Q-7148"", ""Q-731C"", ""Q-7D9E"", ""Q-3ME2"", ""Q-3W2P"", ""Q-3Y2M"", ""Q-3YTJ"", ""Q-3ZJ4"", ""Q-43S0"", ""Q-46B6"", ""Q-46GM"", ""Q-46Q2"", ""Q-46T6"", ""Q-4728"", ""Q-47DA"", ""Q-47NE"", ""Q-47XY"", ""Q-48J2"", ""Q-48KE"", ""Q-48P8"", ""Q-48RC"", ""Q-48WW"", ""Q-4908"", ""Q-491P"", ""Q-497P"", ""Q-49JJ"", ""Q-49ZY"", ""Q-4A7W"", ""Q-4ACY"", ""Q-4AG8"", ""Q-4AHP"", ""Q-4B4M"", ""Q-4B6R"", ""Q-4BBY"", ""Q-4BHE"", ""Q-4BVP"", ""Q-4C26"", ""Q-4CBA"", ""Q-4CTJ"", ""Q-4CXJ"", ""Q-4CZ0"", ""Q-4D22"", ""Q-4D4E"", ""Q-4D68"", ""Q-4DG2"", ""Q-4DN0"", ""Q-4DYA"", ""Q-4E1C"", ""Q-4EC8"", ""Q-4EHY"", ""Q-4F2R"", ""Q-4FCP"", ""Q-4FJ6"", ""Q-4FT6"", ""Q-4FZG"", ""Q-4G6J"", ""Q-4G8R"", ""Q-4GAP"", ""Q-4H4M"", ""Q-4H70"", ""Q-4HBP"", ""Q-4HC4"", ""Q-4HRY"", ""Q-4J12"", ""Q-4J84"", ""Q-4JC8"", ""Q-4JDJ"", ""Q-4JFT"", ""Q-4JG6"", ""Q-4JGG"", ""Q-4MC0"", ""Q-4NAA"", ""Q-4PA2"", ""Q-4PMY"", ""Q-4SCT"", ""Q-4SSJ"", ""Q-4T6J"", ""Q-4X28"", ""Q-4YCC"", ""Q-508M"", ""Q-50RM"", ""Q-50VM"", ""Q-518T"", ""Q-51E4"", ""Q-52NJ"", ""Q-52RW"", ""Q-591J"", ""Q-59MC"", ""Q-5A16"", ""Q-5AC0"", ""Q-5AJG"", ""Q-5AMT"", ""Q-5AVT"", ""Q-5B4C"", ""Q-5BDJ"", ""Q-5BME"", ""Q-5CMJ"", ""Q-5D3A"", ""Q-5DCE"", ""Q-5E3Y"", ""Q-5E9M"", ""Q-5ERP"", ""Q-5EXP"", ""Q-5F6J"", ""Q-5FC0"", ""Q-5FSJ"", ""Q-5G2T"", ""Q-5GF6"", ""Q-5GK4"", ""Q-5GZ2"", ""Q-5H6M"", ""Q-5HE4"", ""Q-5JKT"", ""Q-5K0C"", ""Q-5KAP"", ""Q-5M8J"", ""Q-5MR2"", ""Q-5NGR"", ""Q-5P0P"", ""Q-5PA4"", ""Q-5PF2"", ""Q-5QXT"", ""Q-5S1A"", ""Q-5TMR"", ""Q-5V88"", ""Q-5VSC"", ""Q-5YWA"", ""Q-60B8"", ""Q-622C"", ""Q-62HW"", ""Q-65V2"", ""Q-6AFW"", ""Q-6BD8"", ""Q-6GJM"", ""Q-6H3J"", ""Q-6J3J"", ""Q-6JT6"", ""Q-6K4G"", ""Q-6KTC"", ""Q-6MNY"", ""Q-6MWR"", ""Q-6N88"", ""Q-6NQJ"", ""Q-6NXT"", ""Q-6P8C"", ""Q-6PPE"", ""Q-6Q1R"", ""Q-6Q7J"", ""Q-6QDG"", ""Q-6QST"", ""Q-6R62"", ""Q-6RF0"", ""Q-6RHP"", ""Q-6RV8"", ""Q-6S2M"", ""Q-6WY4"", ""Q-70Y6"", ""Q-71D6"", ""Q-75YW"", ""Q-76T4"", ""Q-7XPW"", ""Q-91FJ"", ""Q-3N0W"", ""Q-3P0C"", ""Q-3Q66"", ""Q-3QG0""]"
Common,Gene,Chaise,507,"[""Q-3T7W"", ""Q-3T84"", ""Q-474P"", ""Q-4BVE"", ""Q-4FTJ"", ""Q-4J9A"", ""Q-4D2M"", ""Q-453E"", ""Q-4HZR"", ""Q-5BWW"", ""Q-41KP"", ""Q-6X2R"", ""Q-43QA"", ""Q-4H3W"", ""Q-465W"", ""Q-480R"", ""Q-4J8R"", ""Q-3V22"", ""Q-49Q0"", ""Q-4J90"", ""Q-4BQT"", ""Q-58BR"", ""Q-48E8"", ""Q-4DKM"", ""Q-4J8C"", ""Q-51ZW"", ""Q-5FCT"", ""Q-5PB4"", ""Q-75V2"", ""Q-482E"", ""Q-4CRA"", ""Q-4HF6"", ""Q-6NF8"", ""Q-46JW"", ""Q-47CE"", ""Q-48SP"", ""Q-4J1G"", ""Q-4N9M"", ""Q-61RY"", ""Q-47FR"", ""Q-49JE"", ""Q-4AWA"", ""Q-4EAW"", ""Q-4F3M"", ""Q-4HEW"", ""Q-4J5P"", ""Q-5BQA"", ""Q-6A2Y"", ""Q-466R"", ""Q-48EM"", ""Q-4AGJ"", ""Q-4BTM"", ""Q-4D6G"", ""Q-4FYY"", ""Q-4H7A"", ""Q-4J86"", ""Q-5896"", ""Q-63A2"", ""Q-6QHG"", ""Q-3YGA"", ""Q-47C6"", ""Q-494M"", ""Q-4AKY"", ""Q-4C9E"", ""Q-4CYR"", ""Q-4DSC"", ""Q-4NDT"", ""Q-5F78"", ""Q-5JZ4"", ""Q-5PA6"", ""Q-60FJ"", ""Q-6NSJ"", ""Q-6WZ4"", ""Q-70NR"", ""Q-3R50"", ""Q-46A8"", ""Q-47TR"", ""Q-48PC"", ""Q-49WC"", ""Q-4AGM"", ""Q-4CB6"", ""Q-4D6E"", ""Q-4FK2"", ""Q-4G4E"", ""Q-4J8T"", ""Q-4XZJ"", ""Q-52XJ"", ""Q-625C"", ""Q-6770"", ""Q-6QNM"", ""Q-3NGT"", ""Q-3T8E"", ""Q-3TQT"", ""Q-46Z6"", ""Q-47CA"", ""Q-47T6"", ""Q-490E"", ""Q-49M0"", ""Q-4ACE"", ""Q-4AJ0"", ""Q-4AST"", ""Q-4BNP"", ""Q-4C10"", ""Q-4C9Y"", ""Q-4CYT"", ""Q-4F08"", ""Q-4FVE"", ""Q-4G76"", ""Q-4HF2"", ""Q-4M9G"", ""Q-4V5M"", ""Q-53GY"", ""Q-5AE4"", ""Q-5E8M"", ""Q-5V74"", ""Q-601J"", ""Q-637A"", ""Q-6HCM"", ""Q-70ZE"", ""Q-3NQ2"", ""Q-3QP2"", ""Q-3VP8"", ""Q-46FW"", ""Q-46MG"", ""Q-4720"", ""Q-47SY"", ""Q-47YR"", ""Q-48ER"", ""Q-48RG"", ""Q-49CY"", ""Q-49TR"", ""Q-4A8P"", ""Q-4AJT"", ""Q-4B6T"", ""Q-4BHA"", ""Q-4C2A"", ""Q-4C8C"", ""Q-4D20"", ""Q-4DG0"", ""Q-4ECW"", ""Q-4F1R"", ""Q-4FVG"", ""Q-4G3A"", ""Q-4GEJ"", ""Q-4H7C"", ""Q-4HJP"", ""Q-4HX8"", ""Q-4J8M"", ""Q-4M9T"", ""Q-4SMR"", ""Q-4VDC"", ""Q-50Z6"", ""Q-5952"", ""Q-5BY8"", ""Q-5EC8"", ""Q-5KJ2"", ""Q-5R1T"", ""Q-5THW"", ""Q-5Z04"", ""Q-64R8"", ""Q-6AM8"", ""Q-6J9J"", ""Q-6KCY"", ""Q-6NMR"", ""Q-7156"", ""Q-82YM"", ""Q-3Y6A"", ""Q-4058"", ""Q-46AJ"", ""Q-46TR"", ""Q-475J"", ""Q-47K0"", ""Q-487P"", ""Q-48F2"", ""Q-48PW"", ""Q-48TR"", ""Q-48X0"", ""Q-498E"", ""Q-4A4M"", ""Q-4AHM"", ""Q-4AT0"", ""Q-4BMM"", ""Q-4BY6"", ""Q-4CA8"", ""Q-4CBP"", ""Q-4CQP"", ""Q-4CWE"", ""Q-4DGE"", ""Q-4DPA"", ""Q-4E0P"", ""Q-4E82"", ""Q-4EDE"", ""Q-4F30"", ""Q-4FMJ"", ""Q-4FRC"", ""Q-4G0R"", ""Q-4GAR"", ""Q-4H7Y"", ""Q-4HKT"", ""Q-4HQY"", ""Q-4J4W"", ""Q-4J9C"", ""Q-4MCA"", ""Q-4NHW"", ""Q-4QHA"", ""Q-4SDE"", ""Q-4W48"", ""Q-4XFY"", ""Q-50HT"", ""Q-519G"", ""Q-535Y"", ""Q-5A2Y"", ""Q-5AEM"", ""Q-5APR"", ""Q-5BQ8"", ""Q-5BZ8"", ""Q-5C2Y"", ""Q-5CPM"", ""Q-5CVA"", ""Q-5DX8"", ""Q-5FDE"", ""Q-5GBJ"", ""Q-5KEE"", ""Q-5RK2"", ""Q-61VY"", ""Q-6394"", ""Q-65CJ"", ""Q-672T"", ""Q-6B46"", ""Q-6J8E"", ""Q-6KFP"", ""Q-6KXP"", ""Q-6ND4"", ""Q-6R3J"", ""Q-6SPM"", ""Q-702M"", ""Q-71HG"", ""Q-7H00"", ""Q-3MDJ"", ""Q-3PK0"", ""Q-3VGY"", ""Q-3YQJ"", ""Q-405G"", ""Q-463E"", ""Q-46CY"", ""Q-46NJ"", ""Q-46T4"", ""Q-471E"", ""Q-4794"", ""Q-47GE"", ""Q-47V6"", ""Q-4844"", ""Q-487T"", ""Q-48EW"", ""Q-48NG"", ""Q-48V2"", ""Q-493A"", ""Q-496M"", ""Q-497G"", ""Q-49CM"", ""Q-49KW"", ""Q-49SM"", ""Q-4A1J"", ""Q-4AHG"", ""Q-4AJP"", ""Q-4AN2"", ""Q-4B80"", ""Q-4BTR"", ""Q-4C2G"", ""Q-4CAM"", ""Q-4CDP"", ""Q-4CQC"", ""Q-4CSA"", ""Q-4CWC"", ""Q-4CZ4"", ""Q-4DEM"", ""Q-4DWA"", ""Q-4DY4"", ""Q-4E1E"", ""Q-4E8G"", ""Q-4EC4"", ""Q-4F42"", ""Q-4FDT"", ""Q-4FW4"", ""Q-4G1J"", ""Q-4GEW"", ""Q-4H6R"", ""Q-4HEY"", ""Q-4HSR"", ""Q-4JFR"", ""Q-4M5E"", ""Q-4NB0"", ""Q-4QHW"", ""Q-4SD6"", ""Q-4T30"", ""Q-4WHA"", ""Q-4X46"", ""Q-4XSC"", ""Q-4YD6"", ""Q-50K4"", ""Q-5180"", ""Q-51BJ"", ""Q-51D2"", ""Q-52WG"", ""Q-536G"", ""Q-5394"", ""Q-58J8"", ""Q-59F0"", ""Q-59XY"", ""Q-5AKM"", ""Q-5B22"", ""Q-5BW6"", ""Q-5CTT"", ""Q-5E3W"", ""Q-5F4W"", ""Q-5G2R"", ""Q-5H2M"", ""Q-5HFT"", ""Q-5JYC"", ""Q-5KW0"", ""Q-5MM2"", ""Q-5RKE"", ""Q-5TGM"", ""Q-5TKA"", ""Q-5Y5A"", ""Q-5YWC"", ""Q-61JY"", ""Q-63QC"", ""Q-6BNE"", ""Q-6DRR"", ""Q-6GWC"", ""Q-6JFJ"", ""Q-6KCT"", ""Q-6NA2"", ""Q-6NPG"", ""Q-6PN0"", ""Q-6PZG"", ""Q-6Q8R"", ""Q-6RBW"", ""Q-6S3E"", ""Q-6X9A"", ""Q-70GJ"", ""Q-71KY"", ""Q-7CBJ"", ""Q-7GMG"", ""Q-3QQM"", ""Q-3XM0"", ""Q-3YKG"", ""Q-3Z8T"", ""Q-41Y4"", ""Q-4642"", ""Q-46EY"", ""Q-46PW"", ""Q-46QJ"", ""Q-471J"", ""Q-476R"", ""Q-47GJ"", ""Q-47XG"", ""Q-4854"", ""Q-48JE"", ""Q-48MY"", ""Q-48RA"", ""Q-48TT"", ""Q-48ZA"", ""Q-490P"", ""Q-496C"", ""Q-49DG"", ""Q-49R8"", ""Q-4A3T"", ""Q-4ABY"", ""Q-4ADG"", ""Q-4AGT"", ""Q-4AKE"", ""Q-4B6P"", ""Q-4BB6"", ""Q-4BEP"", ""Q-4BMP"", ""Q-4BX0"", ""Q-4C9A"", ""Q-4CHC"", ""Q-4CWP"", ""Q-4CYW"", ""Q-4D0A"", ""Q-4D3G"", ""Q-4D5J"", ""Q-4DDR"", ""Q-4DM8"", ""Q-4DPM"", ""Q-4E0C"", ""Q-4E8J"", ""Q-4ED2"", ""Q-4F2E"", ""Q-4FBM"", ""Q-4FET"", ""Q-4FKC"", ""Q-4FZ6"", ""Q-4G3G"", ""Q-4G8G"", ""Q-4GAG"", ""Q-4GCE"", ""Q-4H64"", ""Q-4H7W"", ""Q-4HBY"", ""Q-4HGJ"", ""Q-4HZM"", ""Q-4J58"", ""Q-4JBG"", ""Q-4JDE"", ""Q-4JF8"", ""Q-4JG4"", ""Q-4JGE"", ""Q-4MBC"", ""Q-4N9A"", ""Q-4PA0"", ""Q-4PKC"", ""Q-4SAG"", ""Q-4SMT"", ""Q-4T2T"", ""Q-4WBG"", ""Q-4Y2W"", ""Q-5062"", ""Q-50R6"", ""Q-50VJ"", ""Q-5118"", ""Q-51D8"", ""Q-51FE"", ""Q-52Q8"", ""Q-58M6"", ""Q-59E8"", ""Q-59YG"", ""Q-5A54"", ""Q-5AFW"", ""Q-5AM8"", ""Q-5AVR"", ""Q-5B08"", ""Q-5BB4"", ""Q-5BMC"", ""Q-5BTP"", ""Q-5D04"", ""Q-5DC8"", ""Q-5E32"", ""Q-5E5W"", ""Q-5EF4"", ""Q-5EV4"", ""Q-5F3G"", ""Q-5FBE"", ""Q-5FGC"", ""Q-5G0A"", ""Q-5G98"", ""Q-5GGC"", ""Q-5GR8"", ""Q-5H42"", ""Q-5HB6"", ""Q-5JFY"", ""Q-5K00"", ""Q-5K96"", ""Q-5KKY"", ""Q-5MJ6"", ""Q-5NG0"", ""Q-5NTM"", ""Q-5P70"", ""Q-5PCM"", ""Q-5QXE"", ""Q-5QZ8"", ""Q-5TJ0"", ""Q-5V44"", ""Q-5VKM"", ""Q-5YW8"", ""Q-608T"", ""Q-6160"", ""Q-62D8"", ""Q-65T8"", ""Q-679W"", ""Q-6BAJ"", ""Q-6GFP"", ""Q-6H30"", ""Q-6HAG"", ""Q-6JD8"", ""Q-6K3J"", ""Q-6KA6"", ""Q-6M1J"", ""Q-6MWP"", ""Q-6N6P"", ""Q-6NDM"", ""Q-6NRE"", ""Q-6P3E"", ""Q-6PJP"", ""Q-6Q0P"", ""Q-6Q2C"", ""Q-6QDC"", ""Q-6QNJ"", ""Q-6R34"", ""Q-6RDM"", ""Q-6RHJ"", ""Q-6RTG"", ""Q-6S0E"", ""Q-6WX0"", ""Q-6XG4"", ""Q-712R"", ""Q-731P"", ""Q-765M"", ""Q-7WT8"", ""Q-87XA"", ""Q-3MJC"", ""Q-3NZ0"", ""Q-3PNA"", ""Q-3QFW""]"
Common,Gene,Dataset,507,"[""Q-4AQY"", ""Q-47VA"", ""Q-6H5W"", ""Q-65ER"", ""Q-4J8P"", ""Q-400A"", ""Q-4HFY"", ""Q-3W22"", ""Q-4BTA"", ""Q-4FW6"", ""Q-4062"", ""Q-4FR4"", ""Q-4C9J"", ""Q-4BNT"", ""Q-3M46"", ""Q-47V4"", ""Q-4BAE"", ""Q-3KXG"", ""Q-48WG"", ""Q-4J1P"", ""Q-47F6"", ""Q-4Y2C"", ""Q-3YRY"", ""Q-48GP"", ""Q-4HW6"", ""Q-50V8"", ""Q-5F56"", ""Q-5GQC"", ""Q-67B4"", ""Q-3Y44"", ""Q-4AH8"", ""Q-4EHE"", ""Q-6HBC"", ""Q-441P"", ""Q-47A8"", ""Q-48K0"", ""Q-4CB2"", ""Q-4JAP"", ""Q-60B4"", ""Q-3ZZP"", ""Q-47TT"", ""Q-4ARC"", ""Q-4BQG"", ""Q-4F20"", ""Q-4FXT"", ""Q-4J5M"", ""Q-4MF4"", ""Q-5K8A"", ""Q-402P"", ""Q-48DT"", ""Q-48R6"", ""Q-4B82"", ""Q-4D14"", ""Q-4DMM"", ""Q-4H4G"", ""Q-4J5W"", ""Q-583E"", ""Q-60QP"", ""Q-6J0W"", ""Q-7FT6"", ""Q-4724"", ""Q-47TA"", ""Q-49ZT"", ""Q-4BR4"", ""Q-4CJ2"", ""Q-4DKG"", ""Q-4HE8"", ""Q-4YD4"", ""Q-5JTA"", ""Q-5P10"", ""Q-5YZY"", ""Q-6BX0"", ""Q-6RR2"", ""Q-6ZWJ"", ""Q-87S6"", ""Q-465E"", ""Q-47CY"", ""Q-48KR"", ""Q-499M"", ""Q-4ACC"", ""Q-4BX8"", ""Q-4D3A"", ""Q-4FJY"", ""Q-4G3P"", ""Q-4H7P"", ""Q-4SY0"", ""Q-50J8"", ""Q-5ZAC"", ""Q-64SY"", ""Q-6QCW"", ""Q-7KGC"", ""Q-3SXJ"", ""Q-3TDA"", ""Q-46K2"", ""Q-4764"", ""Q-47SW"", ""Q-48VE"", ""Q-494R"", ""Q-49XJ"", ""Q-4AET"", ""Q-4ASR"", ""Q-4BMA"", ""Q-4BTG"", ""Q-4C52"", ""Q-4CT6"", ""Q-4E9E"", ""Q-4FKW"", ""Q-4G5E"", ""Q-4H7R"", ""Q-4JGA"", ""Q-4TDP"", ""Q-50P8"", ""Q-599E"", ""Q-5CT2"", ""Q-5RJJ"", ""Q-5ZW6"", ""Q-62KM"", ""Q-6BCA"", ""Q-6Q02"", ""Q-7N5T"", ""Q-3QBE"", ""Q-3VAC"", ""Q-46B4"", ""Q-46KR"", ""Q-46Z4"", ""Q-47R4"", ""Q-47TY"", ""Q-489J"", ""Q-48NJ"", ""Q-499P"", ""Q-49J6"", ""Q-4A7T"", ""Q-4AJC"", ""Q-4ASW"", ""Q-4BEC"", ""Q-4BZC"", ""Q-4C40"", ""Q-4D0E"", ""Q-4DEJ"", ""Q-4E0J"", ""Q-4EJG"", ""Q-4FF6"", ""Q-4G34"", ""Q-4GC8"", ""Q-4H68"", ""Q-4HG4"", ""Q-4HSM"", ""Q-4J8J"", ""Q-4M2J"", ""Q-4NX8"", ""Q-4SSW"", ""Q-50YR"", ""Q-5380"", ""Q-5B74"", ""Q-5CYA"", ""Q-5K9A"", ""Q-5NXJ"", ""Q-5TCC"", ""Q-5YYP"", ""Q-63PR"", ""Q-6A6G"", ""Q-6GGT"", ""Q-6JRE"", ""Q-6KZC"", ""Q-6S8E"", ""Q-79Z8"", ""Q-3X4R"", ""Q-3ZYC"", ""Q-467Y"", ""Q-46K4"", ""Q-46YT"", ""Q-47AG"", ""Q-47TM"", ""Q-488T"", ""Q-48M8"", ""Q-48QM"", ""Q-48WT"", ""Q-48ZG"", ""Q-49GR"", ""Q-4AC4"", ""Q-4AK4"", ""Q-4BDM"", ""Q-4BY0"", ""Q-4C5G"", ""Q-4CBC"", ""Q-4CQJ"", ""Q-4CWA"", ""Q-4DD6"", ""Q-4DGJ"", ""Q-4DY6"", ""Q-4E4W"", ""Q-4EB0"", ""Q-4F2J"", ""Q-4FMG"", ""Q-4FNY"", ""Q-4FXG"", ""Q-4GAJ"", ""Q-4H66"", ""Q-4HHR"", ""Q-4HQP"", ""Q-4J2C"", ""Q-4J92"", ""Q-4MBW"", ""Q-4NB4"", ""Q-4P2T"", ""Q-4SA0"", ""Q-4VB2"", ""Q-4X3J"", ""Q-4XYW"", ""Q-50XP"", ""Q-52X0"", ""Q-59EG"", ""Q-5A9A"", ""Q-5ANA"", ""Q-5BNY"", ""Q-5BSE"", ""Q-5C2P"", ""Q-5CPA"", ""Q-5CQW"", ""Q-5DGE"", ""Q-5E28"", ""Q-5GA2"", ""Q-5J1Y"", ""Q-5P6T"", ""Q-605T"", ""Q-62DP"", ""Q-64XM"", ""Q-66VC"", ""Q-6AH4"", ""Q-6J08"", ""Q-6K2R"", ""Q-6KK2"", ""Q-6N54"", ""Q-6QYP"", ""Q-6SDY"", ""Q-6XCC"", ""Q-70EM"", ""Q-7FNY"", ""Q-3KXE"", ""Q-3NE2"", ""Q-3S86"", ""Q-3Y2C"", ""Q-3ZDW"", ""Q-42QR"", ""Q-466J"", ""Q-46NE"", ""Q-46RM"", ""Q-4704"", ""Q-476M"", ""Q-47EW"", ""Q-47R0"", ""Q-4840"", ""Q-4878"", ""Q-48AG"", ""Q-48N4"", ""Q-48SM"", ""Q-48WP"", ""Q-4966"", ""Q-497A"", ""Q-498C"", ""Q-49HP"", ""Q-49R6"", ""Q-49X6"", ""Q-4AFW"", ""Q-4AJ8"", ""Q-4AM6"", ""Q-4B2G"", ""Q-4BG4"", ""Q-4BVR"", ""Q-4C9C"", ""Q-4CBY"", ""Q-4CME"", ""Q-4CR6"", ""Q-4CVE"", ""Q-4CYM"", ""Q-4DDM"", ""Q-4DST"", ""Q-4DY2"", ""Q-4DYR"", ""Q-4E38"", ""Q-4EA0"", ""Q-4F2A"", ""Q-4FD0"", ""Q-4FTT"", ""Q-4FZ2"", ""Q-4G8T"", ""Q-4H4P"", ""Q-4H7M"", ""Q-4HSE"", ""Q-4J4Y"", ""Q-4M4P"", ""Q-4MCM"", ""Q-4NHT"", ""Q-4SCM"", ""Q-4STE"", ""Q-4VKR"", ""Q-4X36"", ""Q-4XF8"", ""Q-4XZM"", ""Q-50HJ"", ""Q-515R"", ""Q-519W"", ""Q-51CE"", ""Q-52TW"", ""Q-534C"", ""Q-5374"", ""Q-586M"", ""Q-59EM"", ""Q-59QA"", ""Q-5AHT"", ""Q-5ASY"", ""Q-5BK6"", ""Q-5C7Y"", ""Q-5E18"", ""Q-5EAW"", ""Q-5G0C"", ""Q-5G9W"", ""Q-5HCE"", ""Q-5J98"", ""Q-5KRJ"", ""Q-5MCW"", ""Q-5P04"", ""Q-5T2Y"", ""Q-5TJY"", ""Q-5VT4"", ""Q-5YGR"", ""Q-61C8"", ""Q-631J"", ""Q-6AMA"", ""Q-6D6J"", ""Q-6GEC"", ""Q-6J68"", ""Q-6KCR"", ""Q-6N3E"", ""Q-6NH4"", ""Q-6PB0"", ""Q-6PYY"", ""Q-6Q3J"", ""Q-6QY0"", ""Q-6RKW"", ""Q-6X7M"", ""Q-706C"", ""Q-718W"", ""Q-7B50"", ""Q-7DNA"", ""Q-3N70"", ""Q-3XA6"", ""Q-3YJP"", ""Q-3Z7T"", ""Q-40KA"", ""Q-463W"", ""Q-46BM"", ""Q-46NG"", ""Q-46Q6"", ""Q-46ZC"", ""Q-4740"", ""Q-47GG"", ""Q-47T2"", ""Q-4812"", ""Q-48JA"", ""Q-48MA"", ""Q-48QP"", ""Q-48SR"", ""Q-48YM"", ""Q-490A"", ""Q-4930"", ""Q-49BY"", ""Q-49QG"", ""Q-4A2G"", ""Q-4AB8"", ""Q-4ADC"", ""Q-4AGP"", ""Q-4AJA"", ""Q-4B6M"", ""Q-4BA4"", ""Q-4BC6"", ""Q-4BM6"", ""Q-4BVW"", ""Q-4C2W"", ""Q-4CCE"", ""Q-4CV4"", ""Q-4CXM"", ""Q-4D02"", ""Q-4D3E"", ""Q-4D4M"", ""Q-4D72"", ""Q-4DKP"", ""Q-4DN6"", ""Q-4DYM"", ""Q-4E5G"", ""Q-4ECM"", ""Q-4F18"", ""Q-4F5J"", ""Q-4FCT"", ""Q-4FK6"", ""Q-4FTP"", ""Q-4G2E"", ""Q-4G7A"", ""Q-4G9G"", ""Q-4GCC"", ""Q-4H60"", ""Q-4H7T"", ""Q-4HBT"", ""Q-4HFE"", ""Q-4HWW"", ""Q-4J28"", ""Q-4J8W"", ""Q-4JCT"", ""Q-4JE8"", ""Q-4JG2"", ""Q-4JG8"", ""Q-4M6J"", ""Q-4MF0"", ""Q-4NC8"", ""Q-4PDG"", ""Q-4SA2"", ""Q-4SMM"", ""Q-4STC"", ""Q-4T7C"", ""Q-4XJE"", ""Q-4YDA"", ""Q-508P"", ""Q-50VE"", ""Q-5110"", ""Q-51C6"", ""Q-51EA"", ""Q-52P8"", ""Q-5352"", ""Q-59D2"", ""Q-59RP"", ""Q-5A30"", ""Q-5ACR"", ""Q-5AKR"", ""Q-5AVJ"", ""Q-5AWW"", ""Q-5B4J"", ""Q-5BE2"", ""Q-5BRE"", ""Q-5CZY"", ""Q-5D8M"", ""Q-5DVW"", ""Q-5E4J"", ""Q-5EBT"", ""Q-5ERT"", ""Q-5F12"", ""Q-5F8P"", ""Q-5FER"", ""Q-5FYE"", ""Q-5G8M"", ""Q-5GFG"", ""Q-5GPP"", ""Q-5H1E"", ""Q-5H7G"", ""Q-5HRY"", ""Q-5JTJ"", ""Q-5K6E"", ""Q-5KFY"", ""Q-5MEG"", ""Q-5N04"", ""Q-5NK8"", ""Q-5P4T"", ""Q-5PAJ"", ""Q-5Q7G"", ""Q-5QZ2"", ""Q-5TBT"", ""Q-5V38"", ""Q-5VJC"", ""Q-5YN2"", ""Q-5YWE"", ""Q-60NY"", ""Q-623P"", ""Q-631P"", ""Q-66JY"", ""Q-6BAG"", ""Q-6GA8"", ""Q-6H1R"", ""Q-6H5Y"", ""Q-6JCP"", ""Q-6K0Y"", ""Q-6K86"", ""Q-6KV4"", ""Q-6MP6"", ""Q-6N0R"", ""Q-6NCJ"", ""Q-6NRA"", ""Q-6P1M"", ""Q-6PF2"", ""Q-6PZM"", ""Q-6Q22"", ""Q-6Q7R"", ""Q-6QE0"", ""Q-6QZG"", ""Q-6RAJ"", ""Q-6RGT"", ""Q-6RR4"", ""Q-6RY2"", ""Q-6WN6"", ""Q-6XAM"", ""Q-712C"", ""Q-72N2"", ""Q-763R"", ""Q-7FM6"", ""Q-87BA"", ""Q-3M4E"", ""Q-3NR6"", ""Q-3P7A"", ""Q-3QE2""]"
,,,,
Gene_Expression,Specimen,SSR,500,"[""N-GXP0"", ""N-GXNE"", ""N-GXA4"", ""N-GM0A"", ""N-GM9G"", ""N-GM0C"", ""N-GM0E"", ""N-GKZY"", ""N-GKY8"", ""N-GSFA"", ""N-GXNJ"", ""N-GM0J"", ""N-GKWW"", ""N-GX7T"", ""N-GXAA"", ""N-GXAJ"", ""N-GM4E"", ""N-GM4T"", ""N-GKYE"", ""N-GKY6"", ""N-GKYG"", ""N-GM02"", ""N-GKYM"", ""N-GMXA"", ""N-GKZ2"", ""N-GKYY"", ""N-GKWM"", ""N-GKWJ"", ""N-GSF8"", ""N-GSFT"", ""N-GX7M"", ""N-GM4W"", ""N-GM4C"", ""N-GS56"", ""N-GX7E"", ""N-GXP2"", ""N-GM06"", ""N-GKT2"", ""N-GKX0"", ""N-GX7P"", ""N-GSFE"", ""N-GSGR"", ""N-GYWT"", ""N-GYNE"", ""N-GXA8"", ""N-GYG4"", ""N-GKV0"", ""N-GKYW"", ""N-GKZW"", ""N-GX8P"", ""N-GRF6"", ""N-GSFC"", ""N-GZ1M"", ""N-GRVM"", ""N-GS6Y"", ""N-GYGC"", ""N-GSGA"", ""N-GSGC"", ""N-GSQP"", ""N-GYG8"", ""N-GYN6"", ""N-GJNR"", ""N-GYRJ"", ""N-GYN2"", ""N-GYWG"", ""N-GYRC"", ""N-GYRY"", ""N-GJMJ"", ""N-GYRR"", ""N-GY6C"", ""N-GXAY"", ""N-GM0G"", ""N-GKTW"", ""N-GRVP"", ""N-GRWC"", ""N-GX8R"", ""N-GZ0J"", ""N-GX70"", ""N-GZ0Y"", ""N-GJKW"", ""N-GSN2"", ""N-GJPG"", ""N-GSHJ"", ""N-GYR8"", ""N-GYNC"", ""N-GY6P"", ""N-GYMM"", ""N-GJQ0"", ""N-GYMJ"", ""N-GYWM"", ""N-GXA6"", ""N-GJK8"", ""N-GYR6"", ""N-GPDP"", ""N-GPWA"", ""N-GX60"", ""N-GQWP"", ""N-GYRG"", ""N-GJQ2"", ""N-GYRP"", ""N-GYNG"", ""N-GYRE"", ""N-GYZT"", ""N-GYTC"", ""N-GYS0"", ""N-GJSM"", ""N-GYRW"", ""N-GKYC"", ""N-GM08"", ""N-GXAW"", ""N-GKWP"", ""N-GM4G"", ""N-GKYJ"", ""N-GM4Y"", ""N-GKYT"", ""N-GM00"", ""N-GKY4"", ""N-GM4J"", ""N-GJKA"", ""N-GM9E"", ""N-GKZ0"", ""N-GKVE"", ""N-GKTT"", ""N-GM04"", ""N-GM4M"", ""N-GKY0"", ""N-GPP0"", ""N-GX7Y"", ""N-GQ5G"", ""N-GPF8"", ""N-GRW6"", ""N-GJR8"", ""N-GRW4"", ""N-GZ14"", ""N-GPE6"", ""N-GZ0E"", ""N-GZ12"", ""N-GZ0W"", ""N-GZ10"", ""N-GZ0C"", ""N-GZ1P"", ""N-GPDR"", ""N-GX8T"", ""N-GX8E"", ""N-GX8M"", ""N-GX8J"", ""N-GX86"", ""N-GX8A"", ""N-GS6A"", ""N-GSNR"", ""N-GRME"", ""N-GRRW"", ""N-GRTW"", ""N-GYGE"", ""N-GX82"", ""N-GWTM"", ""N-GSFR"", ""N-GRMA"", ""N-GREP"", ""N-GYRT"", ""N-GSQG"", ""N-GJR4"", ""N-GJ4P"", ""N-GSQE"", ""N-GSGE"", ""N-GYG6"", ""N-GRMT"", ""N-GKAT"", ""N-GQWY"", ""N-GJN0"", ""N-GYGG"", ""N-GPEW"", ""N-GQWT"", ""N-GQXA"", ""N-GJ5J"", ""N-GJRY"", ""N-GYRA"", ""N-GXNA"", ""N-GPF4"", ""N-GYN4"", ""N-GJQP"", ""N-GYXC"", ""N-GYWW"", ""N-GXAC"", ""N-GYMP"", ""N-GYZY"", ""N-GXNT"", ""N-GYRM"", ""N-GYWY"", ""N-GSN6"", ""N-GSQJ"", ""N-GSHC"", ""N-GK26"", ""N-GJJM"", ""N-GJNG"", ""N-GNFM"", ""N-GRV0"", ""N-GJHC"", ""N-GKTM"", ""N-GKVJ"", ""N-GPN6"", ""N-GPN8"", ""N-GRWR"", ""N-GQ16"", ""N-GPWC"", ""N-GRN6"", ""N-GRPG"", ""N-GJ54"", ""N-GRHJ"", ""N-GZ0G"", ""N-GRFT"", ""N-GQ1J"", ""N-GRS6"", ""N-GZ0M"", ""N-GZ1R"", ""N-GRVJ"", ""N-GRWE"", ""N-GRFP"", ""N-GS6P"", ""N-GS6R"", ""N-GM0T"", ""N-GRVG"", ""N-GX7G"", ""N-GRF2"", ""N-GRTG"", ""N-GRSW"", ""N-GPW8"", ""N-GRTE"", ""N-GX80"", ""N-GREM"", ""N-GRS4"", ""N-GQY0"", ""N-GRSY"", ""N-GQXG"", ""N-GRTT"", ""N-GQXC"", ""N-GQWW"", ""N-GQX0"", ""N-GRA6"", ""N-GQXR"", ""N-GRB2"", ""N-GRH2"", ""N-GRTR"", ""N-GRH8"", ""N-H7TM"", ""N-GS68"", ""N-GJSP"", ""N-GJRW"", ""N-GSJC"", ""N-GYGJ"", ""N-GSEP"", ""N-GJP0"", ""N-GRG2"", ""N-GRFY"", ""N-GQXJ"", ""N-GJ4T"", ""N-GPXC"", ""N-GJKJ"", ""N-GQXT"", ""N-GR9W"", ""N-GQXP"", ""N-GRAC"", ""N-GRAW"", ""N-GQXY"", ""N-GRAG"", ""N-GQY2"", ""N-GRA0"", ""N-GRB0"", ""N-GRB4"", ""N-GRA4"", ""N-GYWP"", ""N-GJCJ"", ""N-GPE4"", ""N-GZ02"", ""N-GJS6"", ""N-GPG4"", ""N-GXP4"", ""N-GRFJ"", ""N-GJ52"", ""N-GJ4W"", ""N-GX64"", ""N-GPX8"", ""N-GYZR"", ""N-GS6J"", ""N-GKHW"", ""N-GRNE"", ""N-GJRE"", ""N-GPF2"", ""N-GPDC"", ""N-GNGG"", ""N-GKTG"", ""N-GXB2"", ""N-GXAT"", ""N-GNGR"", ""N-GKTE"", ""N-GRFE"", ""N-H32M"", ""N-GK2A"", ""N-GY6A"", ""N-GKT4"", ""N-GKZJ"", ""N-GRDR"", ""N-GJJG"", ""N-GJHR"", ""N-GMYG"", ""N-GMCM"", ""N-GM2Y"", ""N-GPNC"", ""N-GRZE"", ""N-GR6C"", ""N-GX7W"", ""N-GPPG"", ""N-GRWG"", ""N-GRJ0"", ""N-GSMJ"", ""N-GR5C"", ""N-GRRP"", ""N-GRWT"", ""N-GX8C"", ""N-GRM6"", ""N-GRT8"", ""N-GR5P"", ""N-GX7R"", ""N-GRZJ"", ""N-GRWA"", ""N-GK2W"", ""N-GQ08"", ""N-GQJA"", ""N-GX8W"", ""N-GRRY"", ""N-GQJT"", ""N-GRRM"", ""N-GRNA"", ""N-GRKT"", ""N-GQVC"", ""N-GRT2"", ""N-GR6A"", ""N-GQ6J"", ""N-GHY8"", ""N-GM4A"", ""N-GM36"", ""N-GRTY"", ""N-GRVY"", ""N-GR58"", ""N-GN1Y"", ""N-GMJC"", ""N-GS00"", ""N-GQ50"", ""N-GRWJ"", ""N-GM0M"", ""N-GQXW"", ""N-GRT0"", ""N-GQXM"", ""N-GR9T"", ""N-GR9Y"", ""N-GRAE"", ""N-GM3T"", ""N-GRA2"", ""N-GRAA"", ""N-H1DR"", ""N-H1BW"", ""N-H1TM"", ""N-H286"", ""N-GQX8"", ""N-H4RA"", ""N-H7T6"", ""N-GKBA"", ""N-GRYE"", ""N-GRGJ"", ""N-GPFR"", ""N-GK4E"", ""N-GK6M"", ""N-GRMP"", ""N-GHWC"", ""N-GJ9R"", ""N-GR5M"", ""N-GSER"", ""N-GZ92"", ""N-GK4R"", ""N-GK1W"", ""N-GK8G"", ""N-GM6M"", ""N-GKBM"", ""N-GK66"", ""N-GRKW"", ""N-GK7P"", ""N-GK5A"", ""N-GK4G"", ""N-GK6P"", ""N-GK68"", ""N-GK9T"", ""N-GJB4"", ""N-GK3P"", ""N-GK8Y"", ""N-GRBG"", ""N-GRAR"", ""N-GK56"", ""N-GQXE"", ""N-GRBW"", ""N-GRAY"", ""N-GRN2"", ""N-GQX2"", ""N-GQX6"", ""N-GJR0"", ""N-GJQM"", ""N-GJPE"", ""N-GJAC"", ""N-GRCY"", ""N-GRCT"", ""N-GRGT"", ""N-GJJR"", ""N-GRC2"", ""N-GRCJ"", ""N-GKMA"", ""N-GRC0"", ""N-GK8W"", ""N-GJYP"", ""N-GK4T"", ""N-GK6Y"", ""N-GPFM"", ""N-GK6G"", ""N-GQ0R"", ""N-GRMY"", ""N-GJMP"", ""N-GK7R"", ""N-GJJ6"", ""N-GQWM"", ""N-GK9W"", ""N-GK9C"", ""N-GK4W"", ""N-GK4J"", ""N-GYTA"", ""N-GK8E"", ""N-GR88"", ""N-GK0Y"", ""N-GKBP"", ""N-GPE8"", ""N-GPFJ"", ""N-GJBP"", ""N-GQ4G"", ""N-GJB0"", ""N-GJQC"", ""N-GKJ0"", ""N-GWTR"", ""N-GX5P"", ""N-GJPC"", ""N-GRTC"", ""N-GK80"", ""N-GK82"", ""N-GJ96"", ""N-GSHG"", ""N-GPEG"", ""N-GRPE"", ""N-GSH6"", ""N-GRYC"", ""N-GM3W"", ""N-GNFT"", ""N-GY6W"", ""N-GY6E"", ""N-GK8M"", ""N-GK70"", ""N-GXAE"", ""N-GJBG"", ""N-GJPY"", ""N-GJAA"", ""N-GRP4"", ""N-GKB4"", ""N-GJN6"", ""N-GK7Y"", ""N-GJMY"", ""N-GPCW"", ""N-GJMC"", ""N-GJ9A"", ""N-GRP8"", ""N-GJ92"", ""N-GJ8Y"", ""N-GJ8W"", ""N-GK5C"", ""N-GK94"", ""N-GK7J"", ""N-GY72"", ""N-GZ5G"", ""N-GJ6Y"", ""N-GK9M"", ""N-GK72"", ""N-GXCJ"", ""N-GK4P"", ""N-GK6W"", ""N-GK50"", ""N-GK96"", ""N-GK8C"", ""N-GRTJ"", ""N-GNEP"", ""N-GK40"", ""N-GK86"", ""N-GJA8"", ""N-GREY"", ""N-GJ9T"", ""N-GJMM"", ""N-GJ9J""]"
Gene_Expression,Specimen,Chaise,500,"[""N-GK6R"", ""N-GPDJ"", ""N-GK76"", ""N-GRJ2"", ""N-GK7A"", ""N-GS4C"", ""N-GK7E"", ""N-GMJY"", ""N-GK84"", ""N-GS6G"", ""N-GK8A"", ""N-GMRW"", ""N-GK9A"", ""N-GXNG"", ""N-GKNJ"", ""N-GMRG"", ""N-GKSY"", ""N-GKWA"", ""N-GKTP"", ""N-GMJ0"", ""N-GKXR"", ""N-GSNY"", ""N-GKY2"", ""N-GMR8"", ""N-GM8J"", ""N-GX6G"", ""N-GPNG"", ""N-GMCJ"", ""N-GX18"", ""N-GSMM"", ""N-H32A"", ""N-GMSE"", ""16-6F7C"", ""N-GPDT"", ""N-GMQ0"", ""N-GQV4"", ""N-GMTP"", ""N-GXBJ"", ""N-GMS8"", ""N-GMD2"", ""N-GMP8"", ""N-GXBW"", ""N-GRQ6"", ""N-GQT8"", ""N-GWXC"", ""N-GQTC"", ""N-GSX8"", ""N-GS8J"", ""N-GSS6"", ""N-GS5Y"", ""N-GSV2"", ""N-GNHC"", ""N-GSTP"", ""16-6F6P"", ""N-GSXA"", ""N-GSMC"", ""N-GT06"", ""N-GS8C"", ""N-GT34"", ""N-GS6E"", ""N-GT3R"", ""N-GSFP"", ""N-GT1R"", ""N-GS5T"", ""N-GT1G"", ""N-GRPR"", ""N-GSNC"", ""N-GS7J"", ""N-GSPY"", ""N-GMHW"", ""N-GNR4"", ""N-GRDJ"", ""N-GSNP"", ""N-GWTG"", ""N-GQ0C"", ""N-GX6T"", ""N-GQ5R"", ""N-GSNW"", ""N-GRVA"", ""N-GNFR"", ""N-GNHW"", ""N-GPMW"", ""N-GPCC"", ""N-GWT8"", ""N-GQAC"", ""N-GMQY"", ""N-GRWM"", ""N-GPXJ"", ""N-GRZY"", ""N-GMTW"", ""N-GQ1A"", ""N-GS5P"", ""N-GRGR"", ""N-GQW6"", ""N-GQ46"", ""N-GPCG"", ""N-GQ4C"", ""N-GMV0"", ""N-GQD4"", ""N-GRJC"", ""N-GQF2"", ""N-GMDC"", ""N-GQGJ"", ""N-GRJ4"", ""N-GRZT"", ""N-GMRC"", ""N-GSHY"", ""N-GSPT"", ""N-GMYJ"", ""N-GRPA"", ""N-GQ20"", ""N-GM98"", ""N-GQ2M"", ""N-GPWG"", ""N-GR52"", ""N-GPNW"", ""N-GM40"", ""N-GQWC"", ""N-GN2W"", ""N-GX62"", ""N-GQFA"", ""N-GPYW"", ""N-GMB8"", ""N-GPD8"", ""N-GQ1R"", ""N-GM94"", ""N-GQ3C"", ""N-GMTY"", ""N-GQ7P"", ""N-GQ0Y"", ""N-GQBE"", ""N-GMRY"", ""N-GRVT"", ""N-GRZ0"", ""N-GM3G"", ""N-GMQG"", ""N-GQ1G"", ""N-GQSR"", ""N-GQA4"", ""N-GMCY"", ""N-GQBR"", ""N-GRSR"", ""N-GR4T"", ""N-GQV0"", ""N-GR66"", ""N-GQ0G"", ""N-GRWP"", ""N-GM8M"", ""N-GJG4"", ""N-GQVJ"", ""N-GQ26"", ""N-GNF8"", ""N-GQ3J"", ""N-GS7R"", ""N-GQ86"", ""N-GT3M"", ""N-GQ9J"", ""N-GRQ4"", ""N-GQAT"", ""N-GSSJ"", ""N-GQCJ"", ""N-GPN0"", ""N-GQZJ"", ""N-GPWM"", ""N-GRGC"", ""N-GPER"", ""N-GRS0"", ""N-GPE0"", ""N-GNHM"", ""N-GS78"", ""N-GQ3R"", ""N-GRQE"", ""N-GR5E"", ""N-GRYY"", ""N-GS08"", ""N-GNR8"", ""N-GQ4T"", ""N-GRE0"", ""N-GQA0"", ""N-GKVT"", ""N-GQB2"", ""N-GSG6"", ""N-GQFM"", ""N-GSQ0"", ""N-GQZ2"", ""N-GS4G"", ""N-GR9P"", ""N-GRGY"", ""N-GRW8"", ""N-GRDM"", ""N-GJM0"", ""N-GS72"", ""N-GMHY"", ""N-GSNM"", ""N-GMJR"", ""N-GKWE"", ""N-GMT2"", ""N-GPDA"", ""N-GQ40"", ""N-GRHM"", ""N-GQDE"", ""N-GS58"", ""N-GR1R"", ""N-GS7W"", ""N-GRZM"", ""N-GSMR"", ""N-GZV4"", ""N-GPCR"", ""N-H238"", ""N-GSQ8"", ""N-H6D2"", ""N-GSPG"", ""N-H6DR"", ""N-GKVW"", ""N-H7F0"", ""N-GSEG"", ""N-H7T8"", ""N-GREE"", ""N-H8DT"", ""N-GSQC"", ""N-H8HJ"", ""N-GQVM"", ""N-H8M2"", ""N-GK34"", ""N-H8NC"", ""N-GS54"", ""N-H8TT"", ""N-GJ5C"", ""N-H8W4"", ""N-GX5T"", ""N-GHX2"", ""N-GJ7E"", ""N-GK1Y"", ""N-GPP6"", ""N-GKMY"", ""N-GJ8J"", ""N-GNEE"", ""N-GM8Y"", ""N-GQFT"", ""N-GJBA"", ""N-GQG2"", ""N-GWT4"", ""N-GRZC"", ""N-GJRA"", ""N-H3HE"", ""N-GPCA"", ""N-GK00"", ""N-GK58"", ""N-GM50"", ""16-X380"", ""N-GMSG"", ""N-GK7W"", ""N-GQ56"", ""N-GXC8"", ""N-GQ8G"", ""N-GK98"", ""N-GQCA"", ""N-GMR6"", ""N-GQDW"", ""N-GK9J"", ""N-GQET"", ""N-GRZ6"", ""N-GQJ4"", ""N-GK9R"", ""N-GQJM"", ""N-GMV6"", ""N-GQJR"", ""N-GY6Y"", ""N-GQYJ"", ""N-GM4P"", ""N-GHWT"", ""N-GYE0"", ""N-GJKT"", ""N-GMRJ"", ""N-GJQ8"", ""N-GJ78"", ""N-GKAA"", ""N-GSQ4"", ""N-GKBC"", ""N-GJ7W"", ""N-GMYR"", ""N-GMT8"", ""N-GN9E"", ""N-GJ84"", ""N-GNZP"", ""N-GXBM"", ""N-GQSC"", ""N-GJ8R"", ""N-GRCR"", ""N-GMS6"", ""N-GY74"", ""N-GJ9G"", ""N-GJSY"", ""N-GSJ0"", ""N-GJWY"", ""N-GJAG"", ""N-GK08"", ""N-GQTJ"", ""N-GKNP"", ""N-GK5G"", ""N-GKQR"", ""N-GRFA"", ""N-GN94"", ""N-GK6E"", ""N-GNCM"", ""N-GPY2"", ""N-GNWG"", ""N-GK7M"", ""N-GNZ4"", ""N-GPD4"", ""N-GQQJ"", ""N-GK8P"", ""N-GR9M"", ""N-GRQ8"", ""N-GRBC"", ""N-GK90"", ""N-GRBM"", ""16-X372"", ""N-GRBT"", ""N-GKSW"", ""N-GRCC"", ""N-GRQC"", ""N-GRFM"", ""N-GKTC"", ""N-GRFW"", ""N-GQTT"", ""N-GRHC"", ""N-GNFW"", ""N-GRKM"", ""N-GSMY"", ""N-GRM0"", ""N-GNG8"", ""N-GRM8"", ""16-6F6C"", ""N-GRMG"", ""N-GPC2"", ""N-GRMR"", ""N-GXC4"", ""N-GRNC"", ""N-GS4W"", ""N-GRQG"", ""N-GMCR"", ""N-GRQR"", ""N-GXAR"", ""N-GRR6"", ""N-GNGW"", ""N-GRRA"", ""N-H32T"", ""N-GRRE"", ""N-GRK0"", ""N-GRRJ"", ""N-GJ62"", ""N-GSNE"", ""N-GRF8"", ""N-GJHY"", ""N-GJ66"", ""N-GJYE"", ""N-GS4A"", ""N-GKNT"", ""N-GJ6A"", ""N-GNBY"", ""N-GKVP"", ""N-GNVW"", ""N-GJ6E"", ""N-GPEM"", ""N-GQSW"", ""N-GQ2Y"", ""N-GJ6J"", ""N-GRCM"", ""N-GSN8"", ""N-GRQ0"", ""N-GJ6P"", ""N-GRQY"", ""N-GRK2"", ""N-GRR2"", ""N-GJ6T"", ""N-GYN8"", ""N-GS66"", ""N-GYWR"", ""N-GJ70"", ""N-GJKM"", ""N-GM8T"", ""N-GK1R"", ""N-GJ74"", ""N-GKE8"", ""N-GKWC"", ""N-GKG4"", ""N-GJ7A"", ""N-GKJW"", ""N-GNER"", ""N-GM96"", ""N-GJ7G"", ""N-GP3W"", ""N-GX6W"", ""N-GQGA"", ""N-GJ7M"", ""N-GRV2"", ""N-GSN4"", ""N-GRYM"", ""N-GJ7T"", ""N-GRZ8"", ""N-GPW6"", ""N-GS5M"", ""N-GJ80"", ""N-GS86"", ""N-GRQ2"", ""N-GWTE"", ""N-GJ8C"", ""N-GZ00"", ""N-GSMT"", ""N-GJET"", ""N-GJ8G"", ""N-GJRP"", ""N-GRV4"", ""N-GK0P"", ""N-GJ8P"", ""N-GKE4"", ""N-GRPM"", ""N-GM8W"", ""N-GJ98"", ""N-GNF2"", ""N-GPFG"", ""N-GNXM"", ""N-GJ9M"", ""N-GPDM"", ""N-GSHP"", ""N-GPE2"", ""N-GJ9W"", ""N-GQ2R"", ""N-GSG0"", ""N-GQ34"", ""N-GJA0"", ""N-GQ42"", ""N-GX6P"", ""N-GQ4P"", ""N-GJAE"", ""N-GQE2"", ""N-GSP8"", ""N-GQJ0"", ""N-GJAM"", ""N-GRV8"", ""N-GRGP"", ""N-GJSE"", ""N-GJAR"", ""N-GJX4"", ""N-GRJR"", ""N-GK44"", ""N-GJAW"", ""N-GKS6"", ""N-GSPW"", ""N-GRFC"", ""N-GJB6"", ""N-GS5J"", ""N-GRSM"", ""N-GY6J"", ""N-GJBC"", ""N-GY6T"", ""N-GSGP"", ""N-GJFG"", ""N-GJBJ"", ""N-GNYA"", ""N-GSFM"", ""N-GRG8"", ""N-GJBR"", ""N-GWS0"", ""N-GNH8"", ""N-GX9J"", ""N-GK4C"", ""N-GYTG"", ""N-GSHW"", ""N-GKTR"", ""N-GK52"", ""N-GKWG"", ""N-GS6W"", ""N-GKZC"", ""N-GK5E"", ""N-GKZM"", ""N-GPYR"", ""N-GNF4"", ""N-GK5M"", ""N-GNHG"", ""N-GRHW"", ""N-GNHY"", ""N-GK5R"", ""N-GPB0"", ""N-GXC2"", ""N-GQTW"", ""N-GK5W"", ""N-GR4J"", ""N-GXBY"", ""N-GRJE"", ""N-GK60"", ""N-GRJT"", ""N-GRYT"", ""N-GRN8"", ""N-GK6A"", ""N-GS7A"", ""N-GNFC"", ""N-GS84"", ""N-GXN8""]"
Gene_Expression,Specimen,Dataset,500,"[""N-GS88"", ""16-DETG"", ""N-GKYA"", ""N-GM4R"", ""N-GQWJ"", ""N-GRTA"", ""N-GREJ"", ""16-6F5W"", ""N-GS5W"", ""N-GS8G"", ""N-GRSP"", ""N-GQWE"", ""N-GRSE"", ""N-GSNG"", ""N-GQT2"", ""N-GWT0"", ""N-GRSC"", ""N-GS5R"", ""N-GPN2"", ""N-GX7J"", ""N-GPWE"", ""N-GQW2"", ""N-GPYC"", ""N-GSMG"", ""N-GRK4"", ""N-GS4E"", ""16-6F66"", ""17-CKWP"", ""N-GQVW"", ""N-GM8R"", ""N-GSG4"", ""N-GRQM"", ""N-GRQJ"", ""N-GSNJ"", ""N-GSF0"", ""16-6F5E"", ""16-6F6Y"", ""N-GMJ4"", ""N-GMJJ"", ""N-GMDG"", ""N-GQW0"", ""N-GPY6"", ""N-GRYR"", ""N-GQ0P"", ""N-GQVR"", ""N-GS60"", ""N-GPQ2"", ""N-GX6Y"", ""N-GX5W"", ""N-GPMT"", ""N-GS4M"", ""N-GX6C"", ""N-GMJP"", ""N-GMTR"", ""N-GSG2"", ""N-GXCA"", ""N-GRST"", ""N-GQ0T"", ""N-GPY8"", ""N-GSME"", ""N-GXBR"", ""N-GS7P"", ""N-GS6M"", ""N-GKVR"", ""N-GPYM"", ""N-GKW8"", ""N-GWT6"", ""N-GM90"", ""N-GSHE"", ""N-GPW2"", ""N-GPB4"", ""N-GX6M"", ""N-GRPW"", ""N-GXC0"", ""N-GX6R"", ""N-GMJ8"", ""N-GMD8"", ""N-GMTC"", ""N-GRQA"", ""N-GRE4"", ""N-GPG0"", ""N-GPWW"", ""N-GQ0J"", ""N-GPMY"", ""N-GRJY"", ""N-GM9A"", ""N-GRGA"", ""N-GS64"", ""N-GWTJ"", ""N-GS6T"", ""N-GREA"", ""N-GRP6"", ""N-GWTC"", ""N-GSF4"", ""N-GSGY"", ""N-GMV2"", ""N-GMV4"", ""N-GMR2"", ""N-GMTJ"", ""N-GMT0"", ""N-GMSR"", ""N-GQWA"", ""N-GSY4"", ""N-GRJW"", ""N-GNGM"", ""N-GRSG"", ""N-GKW0"", ""N-GPX0"", ""N-GS7C"", ""N-GS7E"", ""N-GRH6"", ""N-GK4A"", ""N-GSFJ"", ""N-GKW6"", ""N-GSMP"", ""N-GPBG"", ""N-GS7T"", ""N-GSHT"", ""N-GPXP"", ""N-GRJ6"", ""N-GPXE"", ""N-GXBT"", ""N-GS4T"", ""N-GSHR"", ""N-GS8A"", ""N-GKNM"", ""N-GPPA"", ""N-GMJT"", ""N-GMRP"", ""N-GMQW"", ""N-GMSM"", ""N-GMQR"", ""N-GMRR"", ""N-GMSC"", ""N-GMSJ"", ""N-GT1W"", ""N-GQTE"", ""N-GQSY"", ""N-GS8E"", ""N-GS7M"", ""N-GRJ8"", ""N-GS76"", ""N-GKHT"", ""N-GPMR"", ""N-GS4J"", ""N-GNRC"", ""N-GRJJ"", ""N-GPF0"", ""N-GPXY"", ""N-GX6J"", ""N-GPXT"", ""N-GPVW"", ""N-GS8P"", ""N-GNF0"", ""N-GPNE"", ""N-GRHE"", ""N-GPD0"", ""N-GMTT"", ""N-GMJ6"", ""N-GMT4"", ""N-GMQM"", ""N-GMQ8"", ""N-GMTG"", ""N-GSNT"", ""N-GSVP"", ""N-GRJA"", ""N-GQTM"", ""N-GQT6"", ""N-GQVE"", ""N-GRSJ"", ""N-GNRG"", ""N-GQTG"", ""N-GNQW"", ""N-GPEE"", ""N-GSWC"", ""N-GPNJ"", ""N-GRHY"", ""N-GKF0"", ""N-GSEY"", ""N-GSEE"", ""N-GSEJ"", ""N-GJ94"", ""N-GK7T"", ""N-GJ5Y"", ""N-GJ88"", ""N-GJ9E"", ""N-GJH2"", ""N-GK4M"", ""N-GK6T"", ""N-GK92"", ""N-GK9E"", ""N-GK9P"", ""N-GWRY"", ""N-GY9T"", ""N-H32Y"", ""N-GJ7P"", ""N-GJ82"", ""N-GJ86"", ""N-GJ90"", ""N-GJA4"", ""N-GJB2"", ""N-GK62"", ""N-GK6J"", ""N-GK8J"", ""N-GK8R"", ""N-GK9G"", ""N-GKTA"", ""N-GKX4"", ""N-GNG0"", ""N-GNH0"", ""N-GS4P"", ""N-GS74"", ""N-GXB6"", ""N-GJ60"", ""N-GJ64"", ""N-GJ68"", ""N-GJ6C"", ""N-GJ6G"", ""N-GJ6M"", ""N-GJ6R"", ""N-GJ6W"", ""N-GJ72"", ""N-GJ76"", ""N-GJ7C"", ""N-GJ7J"", ""N-GJ7R"", ""N-GJ7Y"", ""N-GJ8A"", ""N-GJ8E"", ""N-GJ8M"", ""N-GJ8T"", ""N-GJ9C"", ""N-GJ9P"", ""N-GJ9Y"", ""N-GJA6"", ""N-GJAJ"", ""N-GJAP"", ""N-GJAT"", ""N-GJAY"", ""N-GJB8"", ""N-GJBE"", ""N-GJBM"", ""N-GJHG"", ""N-GK4Y"", ""N-GK54"", ""N-GK5J"", ""N-GK5P"", ""N-GK5T"", ""N-GK5Y"", ""N-GK64"", ""N-GK6C"", ""N-GK74"", ""N-GK78"", ""N-GK7C"", ""N-GK7G"", ""N-GK88"", ""N-GK8T"", ""N-GKNG"", ""N-GKST"", ""N-GKT0"", ""N-GKV2"", ""N-GKXW"", ""N-GM8E"", ""N-GPAJ"", ""N-GPYG"", ""N-H326"", ""16-6F76"", ""Q-296M"", ""N-GMQ4"", ""N-GMS2"", ""N-GMPW"", ""N-GQTP"", ""N-GS8M"", ""N-GSWM"", ""N-GSYE"", ""N-GSTW"", ""N-GSVW"", ""N-GSX4"", ""N-GSYA"", ""N-GT24"", ""N-GT3C"", ""N-GSZY"", ""N-GSSE"", ""N-GPWR"", ""N-GT2R"", ""N-GSQ6"", ""N-GPVY"", ""N-GM44"", ""N-GRKY"", ""N-GKVY"", ""N-GSPE"", ""N-GKA4"", ""N-GQD2"", ""N-GQAE"", ""N-GQ5C"", ""N-GKW4"", ""N-GQF8"", ""N-GMZT"", ""N-GQ48"", ""N-GQ4E"", ""N-GQF0"", ""N-GQGG"", ""N-GR50"", ""N-GS02"", ""N-GKW2"", ""N-GNRM"", ""N-GQ2J"", ""N-GQ3G"", ""N-GR64"", ""N-GN0R"", ""N-GQCT"", ""N-GRRR"", ""N-GQ14"", ""N-GQ1T"", ""N-GQ3Y"", ""N-GQ8A"", ""N-GQCR"", ""N-GSP4"", ""N-GMZ0"", ""N-GQ72"", ""N-GQBP"", ""N-GQC8"", ""N-GR4W"", ""N-GRW2"", ""N-GS04"", ""N-GM9Y"", ""N-GQ28"", ""N-GQ78"", ""N-GQ9G"", ""N-GQAR"", ""N-GQCG"", ""N-GQZG"", ""N-GRER"", ""N-GRKP"", ""N-GRZW"", ""N-GQ3A"", ""N-GQ4Y"", ""N-GRM2"", ""N-GSFG"", ""N-GQ9Y"", ""N-GQB0"", ""N-GQFJ"", ""N-GQY4"", ""N-GR3A"", ""N-GRAJ"", ""N-H812"", ""N-GMA2"", ""N-GMJM"", ""N-GMR0"", ""N-GNVA"", ""N-GQ9R"", ""N-GQDG"", ""N-GRWY"", ""N-GSEM"", ""N-H0ZY"", ""N-H4NE"", ""N-H6DM"", ""N-H6JY"", ""N-H7QA"", ""N-H7TJ"", ""N-H8H4"", ""N-H8HM"", ""N-H8MA"", ""N-H8NE"", ""N-H8TW"", ""N-H8W6"", ""N-GJN8"", ""N-GK24"", ""N-GN02"", ""N-GQA6"", ""N-GQFW"", ""N-GR9R"", ""N-GSGG"", ""N-GJSC"", ""N-GM42"", ""N-GM9J"", ""N-GQ54"", ""N-GQ8C"", ""N-GQC0"", ""N-GQDP"", ""N-GQDY"", ""N-GQG4"", ""N-GQJ8"", ""N-GQJP"", ""N-GQR2"", ""N-GQZW"", ""N-GJ5M"", ""N-GJQ6"", ""N-GK1M"", ""N-GKB2"", ""N-GMBC"", ""N-GN2C"", ""N-GNZ6"", ""N-GP0E"", ""N-GR56"", ""N-GRKJ"", ""N-H34T"", ""N-GJTG"", ""N-GJZE"", ""N-GKEP"", ""N-GKPJ"", ""N-GMZ4"", ""N-GNBM"", ""N-GNS2"", ""N-GNWT"", ""N-GQ30"", ""N-GQSM"", ""N-GRAM"", ""N-GRBE"", ""N-GRBR"", ""N-GRC4"", ""N-GREW"", ""N-GRFR"", ""N-GRGM"", ""N-GRHT"", ""N-GRKR"", ""N-GRM4"", ""N-GRMC"", ""N-GRMM"", ""N-GRMW"", ""N-GRNG"", ""N-GRQP"", ""N-GRQT"", ""N-GRR8"", ""N-GRRC"", ""N-GRRG"", ""N-GRWW"", ""N-GX88"", ""N-GJRT"", ""N-GKJT"", ""N-GM3A"", ""N-GNVJ"", ""N-GNY8"", ""N-GQ2E"", ""N-GRC8"", ""N-GRHG"", ""N-GRQW"", ""N-GRR0"", ""N-GRR4"", ""N-GYNA"", ""N-H3A2"", ""N-GJR6"", ""N-GK2R"", ""N-GKEW"", ""N-GKGA"", ""N-GKK2"", ""N-GNAC"", ""N-GPAM"", ""N-GQWG"", ""N-GRYJ"", ""N-GRYP"", ""N-GS5A"", ""N-GS80"", ""N-GWTA"", ""N-GYZW"", ""N-GJ4E"", ""N-GJQW"", ""N-GK0M"", ""N-GK0W"", ""N-GKJR"", ""N-GNCY"", ""N-GNGP"", ""N-GP20"", ""N-GPDW"", ""N-GQ2C"", ""N-GQ2T"", ""N-GQ36"", ""N-GQ4M"", ""N-GQC2"", ""N-GQER"", ""N-GRV6"", ""N-GSH8"", ""N-GJV6"", ""N-GK2Y"", ""N-GKJ2"", ""N-GR6M"", ""N-GS5C"", ""N-GS7G"", ""N-GY6M"", ""N-GY76"", ""N-GKTJ"", ""N-GPYT"", ""N-GRJM"", ""N-GX9G"", ""N-GXDG"", ""N-GJK0"", ""N-GKVA"", ""N-GKXM"", ""N-GKZE"", ""N-GKZP"", ""N-GNG4"", ""N-GNHR"", ""N-GPAP"", ""N-GPC6"", ""N-GR4G"", ""N-GRCG"", ""N-GRJP"", ""N-GRN4"", ""N-GS4R"", ""N-GS7Y""]"